CGG_NM,STDG_NM,BLDG_USG,평균전세가_만원,거래건수
강남구,개포동,단독다가구,21510.6,42
강남구,개포동,아파트,92313.8,912
강남구,개포동,연립다세대,33569.3,293
강남구,개포동,오피스텔,25286.1,37
강남구,논현동,단독다가구,21874.9,108
강남구,논현동,아파트,75488.1,235
강남구,논현동,연립다세대,30402.5,338
강남구,논현동,오피스텔,38953.8,26
강남구,대치동,단독다가구,25638.2,74
강남구,대치동,아파트,115993.5,932
강남구,대치동,연립다세대,37031.5,216
강남구,대치동,오피스텔,26728.3,63
강남구,도곡동,단독다가구,24312.2,27
강남구,도곡동,아파트,124721.0,588
강남구,도곡동,연립다세대,33806.5,45
강남구,도곡동,오피스텔,86291.7,26
강남구,삼성동,단독다가구,23125.6,16
강남구,삼성동,아파트,110707.1,443
강남구,삼성동,연립다세대,36391.5,147
강남구,삼성동,오피스텔,31175.6,68
강남구,세곡동,단독다가구,41119.0,21
강남구,세곡동,아파트,58658.3,237
강남구,세곡동,연립다세대,114279.2,12
강남구,세곡동,오피스텔,31812.9,58
강남구,수서동,단독다가구,47750.0,2
강남구,수서동,아파트,59557.3,423
강남구,수서동,오피스텔,24236.1,18
강남구,신사동,단독다가구,20797.2,35
강남구,신사동,아파트,81617.9,45
강남구,신사동,연립다세대,32062.6,52
강남구,신사동,오피스텔,23500.0,1
강남구,압구정동,아파트,113017.7,427
강남구,역삼동,단독다가구,22677.7,145
강남구,역삼동,아파트,93686.1,573
강남구,역삼동,연립다세대,29091.7,471
강남구,역삼동,오피스텔,25266.7,225
강남구,율현동,단독다가구,34592.8,36
강남구,율현동,아파트,56503.6,37
강남구,일원동,단독다가구,28062.2,60
강남구,일원동,아파트,94254.7,401
강남구,일원동,연립다세대,31771.5,200
강남구,자곡동,단독다가구,48333.3,3
강남구,자곡동,아파트,51678.1,488
강남구,자곡동,연립다세대,84125.0,4
강남구,자곡동,오피스텔,29581.2,93
강남구,청담동,단독다가구,32233.3,21
강남구,청담동,아파트,119106.1,316
강남구,청담동,연립다세대,49915.1,74
강남구,청담동,오피스텔,20100.2,8
강동구,강일동,단독다가구,40846.2,13
강동구,강일동,아파트,48992.7,551
강동구,강일동,오피스텔,14881.4,35
강동구,고덕동,단독다가구,17639.6,82
강동구,고덕동,아파트,74409.1,652
강동구,고덕동,연립다세대,24967.2,198
강동구,고덕동,오피스텔,29322.2,18
강동구,길동,단독다가구,16669.4,72
강동구,길동,아파트,49430.0,396
강동구,길동,연립다세대,24631.8,168
강동구,길동,오피스텔,26375.7,64
강동구,둔촌동,단독다가구,17436.9,42
강동구,둔촌동,아파트,72667.4,319
강동구,둔촌동,연립다세대,27102.9,149
강동구,둔촌동,오피스텔,27966.7,6
강동구,명일동,단독다가구,19541.9,31
강동구,명일동,아파트,55903.5,541
강동구,명일동,연립다세대,26291.6,128
강동구,명일동,오피스텔,24327.9,68
강동구,상일동,단독다가구,16940.0,35
강동구,상일동,아파트,70276.2,809
강동구,상일동,연립다세대,36250.8,60
강동구,성내동,단독다가구,16863.1,207
강동구,성내동,아파트,58206.5,299
강동구,성내동,연립다세대,23943.5,326
강동구,성내동,오피스텔,22277.8,54
강동구,암사동,단독다가구,17779.9,80
강동구,암사동,아파트,58834.2,557
강동구,암사동,연립다세대,24838.0,285
강동구,암사동,오피스텔,19942.1,19
강동구,천호동,단독다가구,13988.8,264
강동구,천호동,아파트,60025.7,336
강동구,천호동,연립다세대,24124.5,535
강동구,천호동,오피스텔,22930.0,159
강북구,미아동,단독다가구,11555.7,281
강북구,미아동,아파트,50394.2,557
강북구,미아동,연립다세대,16499.0,318
강북구,미아동,오피스텔,17845.5,11
강북구,번동,단독다가구,10836.0,89
강북구,번동,아파트,28788.9,195
강북구,번동,연립다세대,11581.5,127
강북구,번동,오피스텔,23250.0,14
강북구,수유동,단독다가구,11534.8,207
강북구,수유동,아파트,33027.2,105
강북구,수유동,연립다세대,16240.5,268
강북구,수유동,오피스텔,19152.5,40
강북구,우이동,단독다가구,11070.8,18
강북구,우이동,아파트,36868.3,14
강북구,우이동,연립다세대,18446.8,28
강서구,가양동,단독다가구,12000.0,1
강서구,가양동,아파트,40599.7,758
강서구,가양동,연립다세대,21408.8,24
강서구,가양동,오피스텔,21259.1,90
강서구,개화동,단독다가구,12500.0,11
강서구,공항동,단독다가구,11464.5,50
강서구,공항동,아파트,45119.4,22
강서구,공항동,연립다세대,19476.2,159
강서구,공항동,오피스텔,19504.1,16
강서구,내발산동,단독다가구,15738.4,25
강서구,내발산동,아파트,52645.1,439
강서구,내발산동,연립다세대,27185.2,89
강서구,내발산동,오피스텔,42165.0,6
강서구,등촌동,단독다가구,16367.7,44
강서구,등촌동,아파트,46034.2,618
강서구,등촌동,연립다세대,22656.0,217
강서구,등촌동,오피스텔,24623.4,417
강서구,마곡동,단독다가구,43833.3,3
강서구,마곡동,아파트,45551.1,1357
강서구,마곡동,연립다세대,21253.7,63
강서구,마곡동,오피스텔,22949.8,459
강서구,방화동,단독다가구,13479.6,50
강서구,방화동,아파트,37155.5,564
강서구,방화동,연립다세대,18606.3,145
강서구,방화동,오피스텔,23130.0,120
강서구,염창동,단독다가구,24400.0,5
강서구,염창동,아파트,55545.6,484
강서구,염창동,연립다세대,26238.9,27
강서구,염창동,오피스텔,26706.8,123
강서구,외발산동,연립다세대,15762.9,7
강서구,화곡동,단독다가구,11590.6,233
강서구,화곡동,아파트,51210.0,622
강서구,화곡동,연립다세대,16951.6,1219
강서구,화곡동,오피스텔,18513.2,510
관악구,남현동,단독다가구,16725.7,48
관악구,남현동,아파트,54108.1,34
관악구,남현동,연립다세대,24361.7,65
관악구,남현동,오피스텔,15678.9,19
관악구,봉천동,단독다가구,14530.1,535
관악구,봉천동,아파트,54405.2,1049
관악구,봉천동,연립다세대,22507.6,395
관악구,봉천동,오피스텔,20347.1,188
관악구,신림동,단독다가구,12976.7,657
관악구,신림동,아파트,42917.1,577
관악구,신림동,연립다세대,18911.4,497
관악구,신림동,오피스텔,18857.1,91
광진구,광장동,단독다가구,19308.8,29
광진구,광장동,아파트,79544.9,386
광진구,광장동,연립다세대,45706.9,48
광진구,광장동,오피스텔,33710.0,5
광진구,구의동,단독다가구,17854.5,225
광진구,구의동,아파트,82256.1,352
광진구,구의동,연립다세대,26468.6,413
광진구,구의동,오피스텔,22979.2,42
광진구,군자동,단독다가구,15388.5,92
광진구,군자동,아파트,52661.8,17
광진구,군자동,연립다세대,24963.2,114
광진구,군자동,오피스텔,21873.3,12
광진구,능동,단독다가구,17471.5,97
광진구,능동,아파트,29313.3,3
광진구,능동,연립다세대,26450.4,105
광진구,능동,오피스텔,18650.0,4
광진구,자양동,단독다가구,17225.1,289
광진구,자양동,아파트,75116.3,573
광진구,자양동,연립다세대,27408.3,896
광진구,자양동,오피스텔,37261.2,64
광진구,중곡동,단독다가구,17229.3,384
광진구,중곡동,아파트,33392.2,27
광진구,중곡동,연립다세대,24586.2,528
광진구,중곡동,오피스텔,17788.0,30
광진구,화양동,단독다가구,14569.7,105
광진구,화양동,아파트,32763.3,30
광진구,화양동,연립다세대,21573.0,66
광진구,화양동,오피스텔,21025.0,73
구로구,가리봉동,단독다가구,8645.1,51
구로구,가리봉동,아파트,34600.0,5
구로구,가리봉동,연립다세대,18363.3,63
구로구,가리봉동,오피스텔,23020.0,21
구로구,개봉동,단독다가구,11227.3,103
구로구,개봉동,아파트,43752.7,409
구로구,개봉동,연립다세대,16679.0,273
구로구,개봉동,오피스텔,22148.9,9
구로구,고척동,단독다가구,11015.7,95
구로구,고척동,아파트,35119.4,310
구로구,고척동,연립다세대,16134.6,57
구로구,고척동,오피스텔,14197.6,17
구로구,구로동,단독다가구,10336.3,224
구로구,구로동,아파트,37901.6,966
구로구,구로동,연립다세대,17794.1,176
구로구,구로동,오피스텔,21932.2,296
구로구,궁동,단독다가구,7863.6,11
구로구,궁동,아파트,31056.7,7
구로구,궁동,연립다세대,16437.1,70
구로구,신도림동,단독다가구,13733.3,3
구로구,신도림동,아파트,60593.9,396
구로구,신도림동,연립다세대,13366.7,9
구로구,신도림동,오피스텔,37489.7,138
구로구,오류동,단독다가구,10299.0,48
구로구,오류동,아파트,37702.0,138
구로구,오류동,연립다세대,15715.2,108
구로구,오류동,오피스텔,21911.4,213
구로구,온수동,단독다가구,10875.0,4
구로구,온수동,아파트,39430.2,55
구로구,온수동,연립다세대,13505.9,61
구로구,천왕동,아파트,28918.1,328
구로구,천왕동,연립다세대,31000.0,1
구로구,천왕동,오피스텔,17706.7,15
구로구,항동,단독다가구,34000.0,2
구로구,항동,아파트,49115.2,134
구로구,항동,연립다세대,22252.6,19
금천구,가산동,단독다가구,9595.2,21
금천구,가산동,아파트,33096.9,51
금천구,가산동,연립다세대,21287.0,53
금천구,가산동,오피스텔,18713.7,314
금천구,독산동,단독다가구,10562.2,236
금천구,독산동,아파트,45032.1,440
금천구,독산동,연립다세대,20012.7,378
금천구,독산동,오피스텔,23435.0,678
금천구,시흥동,단독다가구,10818.6,222
금천구,시흥동,아파트,34326.5,364
금천구,시흥동,연립다세대,18615.8,349
금천구,시흥동,오피스텔,16482.0,142
노원구,공릉동,단독다가구,11817.3,127
노원구,공릉동,아파트,39247.3,548
노원구,공릉동,연립다세대,16846.0,84
노원구,공릉동,오피스텔,9600.0,1
노원구,상계동,단독다가구,10465.1,119
노원구,상계동,아파트,28227.2,2949
노원구,상계동,연립다세대,14521.2,180
노원구,상계동,오피스텔,13851.7,28
노원구,월계동,단독다가구,13127.7,26
노원구,월계동,아파트,34067.2,955
노원구,월계동,연립다세대,16122.8,67
노원구,월계동,오피스텔,11000.0,1
노원구,중계동,단독다가구,12567.9,14
노원구,중계동,아파트,41257.0,1267
노원구,중계동,연립다세대,17361.8,41
노원구,중계동,오피스텔,33333.6,22
노원구,하계동,단독다가구,12333.3,3
노원구,하계동,아파트,37987.7,568
노원구,하계동,연립다세대,34007.4,22
도봉구,도봉동,단독다가구,12336.4,55
도봉구,도봉동,아파트,34146.9,227
도봉구,도봉동,연립다세대,16838.2,85
도봉구,도봉동,오피스텔,28856.8,88
도봉구,방학동,단독다가구,10339.0,82
도봉구,방학동,아파트,35589.6,339
도봉구,방학동,연립다세대,14902.5,131
도봉구,방학동,오피스텔,12772.1,43
도봉구,쌍문동,단독다가구,11243.2,66
도봉구,쌍문동,아파트,31356.9,316
도봉구,쌍문동,연립다세대,15509.6,132
도봉구,쌍문동,오피스텔,23500.0,2
도봉구,창동,단독다가구,10314.2,88
도봉구,창동,아파트,33896.1,1018
도봉구,창동,연립다세대,17115.0,218
도봉구,창동,오피스텔,23591.8,147
동대문구,답십리동,단독다가구,14851.7,92
동대문구,답십리동,아파트,58371.7,564
동대문구,답십리동,연립다세대,24638.0,98
동대문구,답십리동,오피스텔,30312.8,74
동대문구,신설동,단독다가구,17775.0,4
동대문구,신설동,아파트,49265.0,10
동대문구,신설동,연립다세대,29623.1,13
동대문구,신설동,오피스텔,19305.9,79
동대문구,용두동,단독다가구,15368.1,58
동대문구,용두동,아파트,64393.6,271
동대문구,용두동,연립다세대,23765.7,150
동대문구,용두동,오피스텔,22284.8,91
동대문구,이문동,단독다가구,11948.5,66
동대문구,이문동,아파트,54320.9,415
동대문구,이문동,연립다세대,17331.0,29
동대문구,이문동,오피스텔,12829.4,40
동대문구,장안동,단독다가구,15389.2,59
동대문구,장안동,아파트,51636.4,285
동대문구,장안동,연립다세대,24531.5,154
동대문구,장안동,오피스텔,25816.0,269
동대문구,전농동,단독다가구,15639.3,121
동대문구,전농동,아파트,62071.5,391
동대문구,전농동,연립다세대,23045.7,240
동대문구,전농동,오피스텔,40986.5,158
동대문구,제기동,단독다가구,12340.3,70
동대문구,제기동,아파트,51396.9,64
동대문구,제기동,연립다세대,22476.5,83
동대문구,제기동,오피스텔,28860.0,10
동대문구,청량리동,단독다가구,13191.8,60
동대문구,청량리동,아파트,50573.0,125
동대문구,청량리동,연립다세대,22421.9,24
동대문구,청량리동,오피스텔,26372.6,70
동대문구,회기동,단독다가구,12400.0,39
동대문구,회기동,아파트,39293.9,41
동대문구,회기동,연립다세대,18694.4,16
동대문구,휘경동,단독다가구,11489.6,112
동대문구,휘경동,아파트,50488.3,215
동대문구,휘경동,연립다세대,18080.4,56
동대문구,휘경동,오피스텔,17630.2,43
동작구,노량진동,단독다가구,45646.3,95
동작구,노량진동,아파트,57205.2,262
동작구,노량진동,연립다세대,26299.9,99
동작구,노량진동,오피스텔,20875.1,47
동작구,대방동,단독다가구,16004.0,57
동작구,대방동,아파트,59850.3,201
동작구,대방동,연립다세대,24939.4,87
동작구,대방동,오피스텔,17240.8,12
동작구,동작동,아파트,87478.6,56
동작구,동작동,연립다세대,34701.7,12
동작구,본동,단독다가구,17258.8,17
동작구,본동,아파트,58781.1,180
동작구,본동,연립다세대,14259.1,11
동작구,사당동,단독다가구,17312.2,327
동작구,사당동,아파트,65298.3,820
동작구,사당동,연립다세대,26792.8,494
동작구,사당동,오피스텔,22620.8,18
동작구,상도1동,단독다가구,14937.5,16
동작구,상도1동,아파트,10680.0,5
동작구,상도1동,연립다세대,23993.7,43
동작구,상도1동,오피스텔,24000.0,1
동작구,상도동,단독다가구,14124.1,305
동작구,상도동,아파트,70606.4,780
동작구,상도동,연립다세대,23660.3,556
동작구,상도동,오피스텔,13250.0,2
동작구,신대방동,단독다가구,12135.2,118
동작구,신대방동,아파트,63890.1,340
동작구,신대방동,연립다세대,21232.2,105
동작구,신대방동,오피스텔,28770.3,39
동작구,흑석동,단독다가구,14229.2,48
동작구,흑석동,아파트,83761.0,384
동작구,흑석동,연립다세대,29648.9,38
마포구,공덕동,단독다가구,14366.4,42
마포구,공덕동,아파트,79949.2,280
마포구,공덕동,연립다세대,25730.8,57
마포구,공덕동,오피스텔,28075.1,159
마포구,구수동,단독다가구,15500.0,6
마포구,구수동,연립다세대,28936.4,11
마포구,노고산동,단독다가구,18063.3,15
마포구,노고산동,아파트,47119.6,23
마포구,노고산동,연립다세대,22170.0,79
마포구,노고산동,오피스텔,17668.8,21
마포구,당인동,단독다가구,20000.0,1
마포구,당인동,연립다세대,22690.6,17
마포구,대흥동,단독다가구,18358.9,28
마포구,대흥동,아파트,84141.8,227
마포구,대흥동,연립다세대,23414.9,80
마포구,대흥동,오피스텔,27600.0,5
마포구,도화동,단독다가구,16132.2,27
마포구,도화동,아파트,61563.2,275
마포구,도화동,연립다세대,23665.1,97
마포구,도화동,오피스텔,34754.7,75
마포구,동교동,단독다가구,19440.0,16
마포구,동교동,아파트,75000.0,1
마포구,동교동,연립다세대,26200.0,10
마포구,동교동,오피스텔,20355.6,9
마포구,마포동,단독다가구,13611.1,9
마포구,마포동,아파트,52802.7,37
마포구,마포동,연립다세대,27796.1,19
마포구,마포동,오피스텔,61666.7,3
마포구,망원동,단독다가구,19519.2,52
마포구,망원동,아파트,57512.8,138
마포구,망원동,연립다세대,24626.8,387
마포구,상수동,단독다가구,15259.1,11
마포구,상수동,아파트,95743.4,53
마포구,상수동,연립다세대,23364.1,66
마포구,상수동,오피스텔,14954.0,5
마포구,상암동,단독다가구,17761.4,22
마포구,상암동,아파트,54474.1,413
마포구,상암동,연립다세대,14906.8,34
마포구,상암동,오피스텔,20972.4,45
마포구,서교동,단독다가구,18692.5,53
마포구,서교동,아파트,111532.6,51
마포구,서교동,연립다세대,25470.6,136
마포구,서교동,오피스텔,21890.0,30
마포구,성산동,단독다가구,16997.1,50
마포구,성산동,아파트,35356.6,436
마포구,성산동,연립다세대,24212.1,311
마포구,성산동,오피스텔,27154.1,133
마포구,신공덕동,단독다가구,19375.0,8
마포구,신공덕동,아파트,81428.7,166
마포구,신공덕동,연립다세대,29074.8,23
마포구,신공덕동,오피스텔,25628.7,21
마포구,신수동,단독다가구,18575.0,28
마포구,신수동,아파트,78736.8,173
마포구,신수동,연립다세대,24946.1,104
마포구,신정동,아파트,61513.8,27
마포구,아현동,단독다가구,23055.6,9
마포구,아현동,아파트,85829.2,404
마포구,아현동,연립다세대,20061.0,105
마포구,아현동,오피스텔,26921.7,23
마포구,연남동,단독다가구,20180.3,60
마포구,연남동,아파트,59425.0,20
마포구,연남동,연립다세대,24995.6,98
마포구,염리동,단독다가구,14762.0,29
마포구,염리동,아파트,87216.5,203
마포구,염리동,연립다세대,20170.3,122
마포구,염리동,오피스텔,26044.4,9
마포구,용강동,단독다가구,36250.0,4
마포구,용강동,아파트,104232.0,61
마포구,용강동,연립다세대,24015.3,57
마포구,중동,단독다가구,13520.0,7
마포구,중동,아파트,56834.8,69
마포구,중동,연립다세대,28069.6,41
마포구,창전동,단독다가구,16670.7,29
마포구,창전동,아파트,71665.6,132
마포구,창전동,연립다세대,19346.0,25
마포구,창전동,오피스텔,13000.0,3
마포구,토정동,단독다가구,18000.0,1
마포구,토정동,아파트,63450.6,44
마포구,토정동,연립다세대,34561.1,9
마포구,하중동,아파트,140170.0,20
마포구,하중동,연립다세대,2000.0,1
마포구,합정동,단독다가구,20474.4,45
마포구,합정동,아파트,79694.8,31
마포구,합정동,연립다세대,25068.6,347
마포구,합정동,오피스텔,28081.0,18
마포구,현석동,단독다가구,22500.0,2
마포구,현석동,아파트,84902.8,90
마포구,현석동,연립다세대,32971.1,38
서대문구,남가좌동,단독다가구,13167.3,55
서대문구,남가좌동,아파트,67729.2,501
서대문구,남가좌동,연립다세대,19113.5,37
서대문구,남가좌동,오피스텔,29535.0,2
서대문구,냉천동,단독다가구,16166.7,3
서대문구,냉천동,아파트,72056.0,35
서대문구,대신동,단독다가구,9325.0,10
서대문구,대신동,연립다세대,24900.0,2
서대문구,대현동,단독다가구,12250.0,4
서대문구,대현동,아파트,48279.4,58
서대문구,대현동,연립다세대,19925.0,2
서대문구,대현동,오피스텔,19280.1,69
서대문구,미근동,단독다가구,5000.0,1
서대문구,미근동,아파트,9900.0,1
서대문구,봉원동,단독다가구,11000.0,1
서대문구,북가좌동,단독다가구,13725.0,58
서대문구,북가좌동,아파트,63982.4,209
서대문구,북가좌동,연립다세대,18726.5,186
서대문구,북아현동,단독다가구,17555.3,85
서대문구,북아현동,아파트,72678.4,344
서대문구,북아현동,연립다세대,22473.2,103
서대문구,북아현동,오피스텔,34231.6,19
서대문구,신촌동,단독다가구,7750.0,4
서대문구,신촌동,연립다세대,39500.0,2
서대문구,연희동,단독다가구,21034.8,89
서대문구,연희동,아파트,56426.9,56
서대문구,연희동,연립다세대,24459.6,98
서대문구,연희동,오피스텔,20512.5,36
서대문구,영천동,단독다가구,7500.0,2
서대문구,영천동,아파트,62171.3,27
서대문구,영천동,연립다세대,30000.0,1
서대문구,영천동,오피스텔,29800.0,2
서대문구,옥천동,단독다가구,15755.6,9
서대문구,옥천동,연립다세대,19333.3,3
서대문구,창천동,단독다가구,12839.3,71
서대문구,창천동,아파트,37900.0,5
서대문구,창천동,연립다세대,24458.5,73
서대문구,창천동,오피스텔,18469.1,23
서대문구,천연동,단독다가구,19312.5,8
서대문구,천연동,아파트,50246.4,48
서대문구,천연동,연립다세대,12000.0,1
서대문구,충정로2가,단독다가구,13700.0,5
서대문구,충정로2가,아파트,56300.0,6
서대문구,충정로2가,연립다세대,19000.0,1
서대문구,충정로2가,오피스텔,19000.0,4
서대문구,충정로3가,단독다가구,17291.7,12
서대문구,충정로3가,아파트,38546.2,26
서대문구,충정로3가,연립다세대,23577.8,23
서대문구,충정로3가,오피스텔,15500.0,1
서대문구,합동,아파트,70650.0,6
서대문구,합동,연립다세대,31500.0,1
서대문구,합동,오피스텔,27971.4,7
서대문구,현저동,아파트,60775.8,62
서대문구,홍은동,단독다가구,12785.0,75
서대문구,홍은동,아파트,49501.0,308
서대문구,홍은동,연립다세대,17906.6,116
서대문구,홍은동,오피스텔,26642.9,7
서대문구,홍제동,단독다가구,13368.5,89
서대문구,홍제동,아파트,53622.8,535
서대문구,홍제동,연립다세대,19677.3,136
서대문구,홍제동,오피스텔,20060.0,25
서초구,내곡동,단독다가구,38166.7,6
서초구,내곡동,아파트,74236.1,101
서초구,내곡동,연립다세대,52000.0,4
서초구,반포동,단독다가구,20761.1,39
서초구,반포동,아파트,155104.3,801
서초구,반포동,연립다세대,38012.3,300
서초구,방배동,단독다가구,28029.2,184
서초구,방배동,아파트,103252.4,579
서초구,방배동,연립다세대,37707.4,788
서초구,방배동,오피스텔,36198.3,36
서초구,서초동,단독다가구,26801.5,67
서초구,서초동,아파트,99841.7,1069
서초구,서초동,연립다세대,36066.1,356
서초구,서초동,오피스텔,27978.9,294
서초구,신원동,단독다가구,54800.0,10
서초구,신원동,아파트,51120.8,257
서초구,신원동,연립다세대,58000.0,1
서초구,신원동,오피스텔,27818.8,25
서초구,양재동,단독다가구,22024.2,98
서초구,양재동,아파트,47487.0,329
서초구,양재동,연립다세대,33672.7,575
서초구,양재동,오피스텔,29090.9,22
서초구,염곡동,단독다가구,44918.8,8
서초구,염곡동,연립다세대,50000.0,1
서초구,우면동,단독다가구,27894.5,11
서초구,우면동,아파트,52879.1,596
서초구,우면동,연립다세대,35442.6,55
서초구,우면동,오피스텔,14304.3,23
서초구,잠원동,단독다가구,24312.5,16
서초구,잠원동,아파트,117360.7,759
서초구,잠원동,연립다세대,25870.0,30
서초구,잠원동,오피스텔,23772.7,11
성동구,금호동1가,단독다가구,17725.0,4
성동구,금호동1가,아파트,77665.7,278
성동구,금호동1가,연립다세대,16483.6,27
성동구,금호동2가,단독다가구,12873.7,19
성동구,금호동2가,아파트,79757.3,218
성동구,금호동2가,연립다세대,28875.0,8
성동구,금호동3가,단독다가구,16472.1,34
성동구,금호동3가,아파트,64039.6,142
성동구,금호동3가,연립다세대,24419.2,66
성동구,금호동4가,단독다가구,17303.6,21
성동구,금호동4가,아파트,84558.5,237
성동구,금호동4가,연립다세대,20793.0,10
성동구,도선동,단독다가구,16647.8,23
성동구,도선동,아파트,65093.8,16
성동구,도선동,연립다세대,19888.9,9
성동구,도선동,오피스텔,26160.3,64
성동구,마장동,단독다가구,13210.5,56
성동구,마장동,아파트,54173.2,157
성동구,마장동,연립다세대,21456.6,29
성동구,마장동,오피스텔,23821.4,7
성동구,사근동,단독다가구,11408.7,23
성동구,사근동,아파트,46538.9,9
성동구,사근동,연립다세대,16883.3,12
성동구,상왕십리동,아파트,87475.8,65
성동구,상왕십리동,오피스텔,22250.0,2
성동구,성수동1가,단독다가구,16552.6,85
성동구,성수동1가,아파트,97552.7,387
성동구,성수동1가,연립다세대,24937.0,129
성동구,성수동1가,오피스텔,29002.5,81
성동구,성수동2가,단독다가구,15189.5,122
성동구,성수동2가,아파트,71333.2,179
성동구,성수동2가,연립다세대,23001.6,122
성동구,성수동2가,오피스텔,22725.0,60
성동구,송정동,단독다가구,15275.0,58
성동구,송정동,아파트,51715.5,20
성동구,송정동,연립다세대,19687.4,31
성동구,옥수동,단독다가구,16775.0,12
성동구,옥수동,아파트,81053.2,501
성동구,옥수동,연립다세대,42981.2,8
성동구,옥수동,오피스텔,19000.0,5
성동구,용답동,단독다가구,17472.7,55
성동구,용답동,아파트,49286.0,25
성동구,용답동,연립다세대,23297.6,166
성동구,용답동,오피스텔,19964.1,65
성동구,응봉동,단독다가구,25671.4,7
성동구,응봉동,아파트,58036.2,201
성동구,응봉동,연립다세대,17542.9,35
성동구,하왕십리동,단독다가구,14243.9,41
성동구,하왕십리동,아파트,80293.9,387
성동구,하왕십리동,연립다세대,31187.1,55
성동구,하왕십리동,오피스텔,27220.0,11
성동구,행당동,단독다가구,18162.0,50
성동구,행당동,아파트,74321.8,472
성동구,행당동,연립다세대,30845.2,60
성동구,행당동,오피스텔,28150.0,14
성동구,홍익동,단독다가구,17123.7,15
성동구,홍익동,아파트,60333.3,3
성동구,홍익동,연립다세대,28562.5,8
성동구,홍익동,오피스텔,21032.0,9
성북구,길음동,단독다가구,13493.8,24
성북구,길음동,아파트,58812.0,913
성북구,길음동,연립다세대,21942.3,13
성북구,돈암동,단독다가구,13800.0,10
성북구,돈암동,아파트,52693.1,351
성북구,돈암동,연립다세대,19143.2,22
성북구,동선동1가,단독다가구,12000.0,1
성북구,동선동1가,아파트,32000.0,1
성북구,동선동1가,연립다세대,8916.7,6
성북구,동선동1가,오피스텔,9975.0,4
성북구,동선동2가,단독다가구,13551.2,8
성북구,동선동3가,단독다가구,12954.9,16
성북구,동선동3가,아파트,23100.0,1
성북구,동선동3가,연립다세대,21175.0,8
성북구,동선동3가,오피스텔,18543.8,8
성북구,동선동4가,단독다가구,16214.3,7
성북구,동선동4가,아파트,49000.0,1
성북구,동선동4가,연립다세대,25000.0,1
성북구,동선동4가,오피스텔,15000.0,1
성북구,동선동5가,단독다가구,17600.0,10
성북구,동선동5가,연립다세대,20125.0,4
성북구,동소문동1가,단독다가구,14600.0,8
성북구,동소문동1가,연립다세대,25037.0,3
성북구,동소문동2가,단독다가구,7000.0,1
성북구,동소문동3가,단독다가구,19500.0,2
성북구,동소문동4가,단독다가구,12277.8,9
성북구,동소문동4가,아파트,47515.9,11
성북구,동소문동4가,연립다세대,27185.7,7
성북구,동소문동4가,오피스텔,25964.3,7
성북구,동소문동5가,아파트,55666.7,3
성북구,동소문동6가,단독다가구,15150.0,5
성북구,동소문동6가,아파트,18000.0,1
성북구,동소문동6가,연립다세대,30750.0,4
성북구,동소문동6가,오피스텔,17266.7,3
성북구,동소문동7가,단독다가구,16000.0,2
성북구,동소문동7가,아파트,56918.2,11
성북구,동소문동7가,연립다세대,37000.0,1
성북구,보문동1가,단독다가구,17000.0,1
성북구,보문동1가,아파트,71629.2,38
성북구,보문동1가,연립다세대,9000.0,1
성북구,보문동2가,단독다가구,11750.0,6
성북구,보문동2가,연립다세대,30027.8,8
성북구,보문동2가,오피스텔,46500.0,2
성북구,보문동3가,단독다가구,14500.0,2
성북구,보문동3가,아파트,58618.2,33
성북구,보문동4가,아파트,60400.0,5
성북구,보문동5가,단독다가구,16600.0,5
성북구,보문동5가,연립다세대,17314.3,7
성북구,보문동6가,단독다가구,13809.1,11
성북구,보문동6가,아파트,58877.3,44
성북구,보문동6가,연립다세대,23500.0,2
성북구,보문동7가,단독다가구,5250.0,1
성북구,보문동7가,연립다세대,26200.0,4
성북구,보문동7가,오피스텔,29100.0,2
성북구,삼선동1가,단독다가구,11956.5,23
성북구,삼선동1가,연립다세대,24089.6,11
성북구,삼선동2가,단독다가구,19106.2,16
성북구,삼선동2가,아파트,56579.9,37
성북구,삼선동2가,연립다세대,24450.0,2
성북구,삼선동3가,단독다가구,13911.1,9
성북구,삼선동3가,아파트,74992.3,13
성북구,삼선동3가,연립다세대,26000.0,6
성북구,삼선동4가,단독다가구,13885.7,7
성북구,삼선동4가,아파트,58464.3,7
성북구,삼선동4가,연립다세대,25780.3,9
성북구,삼선동4가,오피스텔,24937.5,6
성북구,삼선동5가,단독다가구,16321.4,14
성북구,삼선동5가,연립다세대,22435.7,14
성북구,삼선동5가,오피스텔,18000.0,1
성북구,상월곡동,단독다가구,11907.7,26
성북구,상월곡동,아파트,44760.5,31
성북구,상월곡동,연립다세대,21945.2,16
성북구,석관동,단독다가구,12312.2,98
성북구,석관동,아파트,49256.0,139
성북구,석관동,연립다세대,19587.4,141
성북구,석관동,오피스텔,15927.9,14
성북구,성북동,단독다가구,21983.2,37
성북구,성북동,아파트,21000.0,5
성북구,성북동,연립다세대,32806.8,131
성북구,성북동1가,단독다가구,18400.0,5
성북구,성북동1가,연립다세대,24537.5,4
성북구,안암동1가,단독다가구,15471.4,7
성북구,안암동1가,아파트,64276.7,15
성북구,안암동1가,연립다세대,13333.3,3
성북구,안암동2가,단독다가구,15525.0,16
성북구,안암동2가,연립다세대,22000.0,1
성북구,안암동3가,단독다가구,16414.3,7
성북구,안암동3가,아파트,39714.6,24
성북구,안암동3가,연립다세대,28214.3,7
성북구,안암동4가,단독다가구,5000.0,1
성북구,안암동5가,단독다가구,9653.8,13
성북구,안암동5가,연립다세대,19625.0,4
성북구,장위동,단독다가구,12136.5,89
성북구,장위동,아파트,58324.8,287
성북구,장위동,연립다세대,18781.2,450
성북구,장위동,오피스텔,11988.8,8
성북구,정릉동,단독다가구,13770.6,106
성북구,정릉동,아파트,43959.5,334
성북구,정릉동,연립다세대,17578.0,202
성북구,정릉동,오피스텔,30000.0,1
성북구,종암동,단독다가구,14686.5,48
성북구,종암동,아파트,53620.2,216
성북구,종암동,연립다세대,22206.2,52
성북구,종암동,오피스텔,34500.0,2
성북구,하월곡동,단독다가구,11709.6,57
성북구,하월곡동,아파트,54341.2,236
성북구,하월곡동,연립다세대,22386.8,34
성북구,하월곡동,오피스텔,21407.3,35
송파구,가락동,단독다가구,18905.6,50
송파구,가락동,아파트,85157.7,814
송파구,가락동,연립다세대,26593.7,261
송파구,가락동,오피스텔,24012.5,18
송파구,거여동,단독다가구,20286.4,66
송파구,거여동,아파트,69388.9,720
송파구,거여동,연립다세대,23751.8,100
송파구,거여동,오피스텔,29198.5,97
송파구,마천동,단독다가구,12396.7,129
송파구,마천동,아파트,47845.6,123
송파구,마천동,연립다세대,19975.6,280
송파구,문정동,단독다가구,16706.0,41
송파구,문정동,아파트,69622.0,551
송파구,문정동,연립다세대,26643.0,256
송파구,문정동,오피스텔,32446.2,379
송파구,방이동,단독다가구,21821.7,40
송파구,방이동,아파트,81673.4,357
송파구,방이동,연립다세대,27897.0,479
송파구,방이동,오피스텔,29549.4,274
송파구,삼전동,단독다가구,18462.4,69
송파구,삼전동,아파트,50428.3,15
송파구,삼전동,연립다세대,25958.0,439
송파구,삼전동,오피스텔,25733.3,24
송파구,석촌동,단독다가구,20613.7,55
송파구,석촌동,아파트,63457.7,47
송파구,석촌동,연립다세대,25491.3,492
송파구,석촌동,오피스텔,24940.0,16
송파구,송파동,단독다가구,20166.5,61
송파구,송파동,아파트,72978.4,272
송파구,송파동,연립다세대,27112.4,391
송파구,송파동,오피스텔,32273.9,15
송파구,신천동,아파트,94891.6,641
송파구,신천동,오피스텔,47026.9,13
송파구,오금동,단독다가구,19379.3,29
송파구,오금동,아파트,59567.7,372
송파구,오금동,연립다세대,26895.2,181
송파구,오금동,오피스텔,22889.6,12
송파구,잠실동,단독다가구,21588.0,65
송파구,잠실동,아파트,102108.9,1215
송파구,잠실동,연립다세대,26828.0,477
송파구,잠실동,오피스텔,31175.8,69
송파구,장지동,아파트,62647.4,857
송파구,풍납동,단독다가구,15024.9,77
송파구,풍납동,아파트,62089.7,333
송파구,풍납동,연립다세대,23150.5,64
양천구,목동,단독다가구,18575.7,105
양천구,목동,아파트,75391.3,1283
양천구,목동,연립다세대,21137.7,853
양천구,목동,오피스텔,56912.1,207
양천구,신월동,단독다가구,9830.1,110
양천구,신월동,아파트,44089.3,743
양천구,신월동,연립다세대,14221.8,512
양천구,신월동,오피스텔,24009.3,30
양천구,신정동,단독다가구,14927.3,149
양천구,신정동,아파트,57094.5,1943
양천구,신정동,연립다세대,19957.0,303
양천구,신정동,오피스텔,35116.0,142
영등포구,당산동,단독다가구,29000.0,1
영등포구,당산동,아파트,51180.2,91
영등포구,당산동,연립다세대,20471.4,42
영등포구,당산동,오피스텔,21360.8,107
영등포구,당산동1가,단독다가구,13658.5,26
영등포구,당산동1가,아파트,56820.0,31
영등포구,당산동1가,연립다세대,25261.1,37
영등포구,당산동1가,오피스텔,29214.0,42
영등포구,당산동2가,단독다가구,17272.2,9
영등포구,당산동2가,아파트,48713.3,85
영등포구,당산동2가,연립다세대,42000.0,1
영등포구,당산동2가,오피스텔,36101.6,45
영등포구,당산동3가,단독다가구,15150.0,16
영등포구,당산동3가,아파트,57085.0,93
영등포구,당산동3가,연립다세대,29816.7,6
영등포구,당산동3가,오피스텔,33646.7,55
영등포구,당산동4가,단독다가구,23612.5,12
영등포구,당산동4가,아파트,70195.2,195
영등포구,당산동4가,연립다세대,24466.7,9
영등포구,당산동4가,오피스텔,23327.0,15
영등포구,당산동5가,단독다가구,10000.0,1
영등포구,당산동5가,아파트,84370.6,193
영등포구,당산동5가,오피스텔,21280.8,30
영등포구,당산동6가,단독다가구,16052.3,11
영등포구,당산동6가,아파트,61931.8,22
영등포구,당산동6가,연립다세대,30123.4,41
영등포구,당산동6가,오피스텔,34517.4,64
영등포구,대림동,단독다가구,11946.1,220
영등포구,대림동,아파트,50526.9,283
영등포구,대림동,연립다세대,19459.0,100
영등포구,대림동,오피스텔,24061.5,13
영등포구,도림동,단독다가구,11829.5,88
영등포구,도림동,아파트,56189.5,65
영등포구,도림동,연립다세대,22737.8,76
영등포구,도림동,오피스텔,39341.8,114
영등포구,문래동1가,오피스텔,31833.3,3
영등포구,문래동2가,아파트,20178.6,14
영등포구,문래동3가,아파트,70721.3,95
영등포구,문래동3가,연립다세대,24408.0,5
영등포구,문래동3가,오피스텔,45580.4,59
영등포구,문래동4가,아파트,50521.7,23
영등포구,문래동5가,아파트,52390.9,73
영등포구,문래동5가,오피스텔,27511.1,9
영등포구,문래동6가,아파트,48083.8,97
영등포구,문래동6가,오피스텔,40860.6,129
영등포구,신길동,단독다가구,13101.7,301
영등포구,신길동,아파트,60715.0,852
영등포구,신길동,연립다세대,23157.6,289
영등포구,신길동,오피스텔,22684.3,90
영등포구,양평동1가,단독다가구,12975.0,4
영등포구,양평동1가,아파트,44280.9,85
영등포구,양평동1가,연립다세대,30116.7,15
영등포구,양평동1가,오피스텔,24978.8,40
영등포구,양평동2가,단독다가구,14750.0,6
영등포구,양평동2가,아파트,46255.1,50
영등포구,양평동2가,연립다세대,24750.0,4
영등포구,양평동2가,오피스텔,31280.8,142
영등포구,양평동3가,단독다가구,22250.0,8
영등포구,양평동3가,아파트,59557.7,111
영등포구,양평동3가,연립다세대,19757.8,9
영등포구,양평동3가,오피스텔,36397.2,99
영등포구,양평동4가,단독다가구,20318.2,11
영등포구,양평동4가,아파트,52269.8,41
영등포구,양평동4가,연립다세대,20848.0,40
영등포구,양평동4가,오피스텔,31185.2,63
영등포구,양평동5가,단독다가구,45000.0,1
영등포구,양평동5가,아파트,56642.0,82
영등포구,양평동5가,연립다세대,20869.4,13
영등포구,양평동5가,오피스텔,30528.3,49
영등포구,양평동6가,단독다가구,8500.0,1
영등포구,양평동6가,아파트,50647.5,20
영등포구,양평동6가,연립다세대,24041.2,42
영등포구,양평동6가,오피스텔,30719.1,116
영등포구,여의도동,아파트,85318.4,434
영등포구,여의도동,오피스텔,49917.2,193
영등포구,영등포동,단독다가구,11916.7,30
영등포구,영등포동,아파트,57833.5,169
영등포구,영등포동,연립다세대,23502.3,31
영등포구,영등포동,오피스텔,13833.3,6
영등포구,영등포동1가,아파트,28045.9,37
영등포구,영등포동1가,연립다세대,17297.5,8
영등포구,영등포동1가,오피스텔,19739.3,151
영등포구,영등포동2가,단독다가구,15000.0,1
영등포구,영등포동2가,아파트,35245.5,22
영등포구,영등포동2가,연립다세대,20813.8,29
영등포구,영등포동2가,오피스텔,23776.5,198
영등포구,영등포동3가,아파트,10000.0,1
영등포구,영등포동3가,연립다세대,32177.5,2
영등포구,영등포동3가,오피스텔,22000.3,97
영등포구,영등포동4가,연립다세대,15344.4,9
영등포구,영등포동4가,오피스텔,31444.8,23
영등포구,영등포동5가,단독다가구,30000.0,2
영등포구,영등포동5가,아파트,35500.0,5
영등포구,영등포동5가,연립다세대,25000.0,6
영등포구,영등포동5가,오피스텔,25798.1,16
영등포구,영등포동6가,단독다가구,18950.0,5
영등포구,영등포동6가,연립다세대,25144.5,13
영등포구,영등포동6가,오피스텔,22401.9,26
영등포구,영등포동7가,단독다가구,13500.0,3
영등포구,영등포동7가,아파트,75787.9,160
영등포구,영등포동7가,연립다세대,27691.7,12
영등포구,영등포동7가,오피스텔,23423.0,133
영등포구,영등포동8가,아파트,69593.5,59
영등포구,영등포동8가,연립다세대,26525.0,4
영등포구,영등포동8가,오피스텔,23627.6,122
용산구,갈월동,단독다가구,20709.1,11
용산구,갈월동,아파트,30000.0,1
용산구,갈월동,연립다세대,27624.5,22
용산구,갈월동,오피스텔,24150.0,2
용산구,남영동,단독다가구,11333.3,3
용산구,남영동,연립다세대,33000.0,2
용산구,도원동,아파트,62980.6,73
용산구,도원동,연립다세대,35017.0,5
용산구,동빙고동,단독다가구,23693.0,20
용산구,동빙고동,아파트,68000.0,1
용산구,동빙고동,연립다세대,30081.8,33
용산구,동자동,단독다가구,10500.0,2
용산구,동자동,아파트,119873.1,13
용산구,동자동,연립다세대,25392.9,7
용산구,동자동,오피스텔,30964.9,37
용산구,문배동,단독다가구,59800.0,1
용산구,문배동,아파트,73055.9,136
용산구,문배동,연립다세대,34666.7,3
용산구,문배동,오피스텔,37479.9,128
용산구,보광동,단독다가구,20106.8,31
용산구,보광동,아파트,59601.9,27
용산구,보광동,연립다세대,22138.8,6
용산구,산천동,아파트,59033.2,93
용산구,산천동,연립다세대,21366.7,6
용산구,서계동,단독다가구,16707.2,24
용산구,서계동,연립다세대,20754.3,70
용산구,서계동,오피스텔,23125.0,4
용산구,서빙고동,단독다가구,12300.0,7
용산구,서빙고동,아파트,101949.1,61
용산구,서빙고동,연립다세대,22708.3,48
용산구,신계동,아파트,96767.8,51
용산구,신계동,연립다세대,24289.6,25
용산구,신창동,단독다가구,18446.2,13
용산구,신창동,아파트,58833.3,3
용산구,신창동,연립다세대,21735.5,70
용산구,용문동,단독다가구,19319.4,7
용산구,용문동,아파트,71369.6,28
용산구,용문동,연립다세대,26115.8,254
용산구,용산동2가,단독다가구,18139.3,40
용산구,용산동2가,아파트,44612.5,8
용산구,용산동2가,연립다세대,20776.5,147
용산구,용산동3가,연립다세대,10875.0,5
용산구,용산동5가,아파트,155992.4,33
용산구,용산동5가,오피스텔,122750.0,2
용산구,원효로1가,단독다가구,21885.3,15
용산구,원효로1가,아파트,85641.5,79
용산구,원효로1가,연립다세대,26646.4,166
용산구,원효로1가,오피스텔,34085.6,63
용산구,원효로2가,단독다가구,15025.0,10
용산구,원효로2가,아파트,32020.0,5
용산구,원효로2가,연립다세대,30004.0,54
용산구,원효로2가,오피스텔,38792.3,39
용산구,원효로3가,단독다가구,15526.4,17
용산구,원효로3가,아파트,24875.0,4
용산구,원효로3가,연립다세대,20643.7,69
용산구,원효로3가,오피스텔,27367.9,63
용산구,원효로4가,단독다가구,18187.5,4
용산구,원효로4가,아파트,51700.6,49
용산구,원효로4가,연립다세대,22025.7,58
용산구,이촌동,단독다가구,19000.0,2
용산구,이촌동,아파트,79247.4,574
용산구,이촌동,연립다세대,20629.2,12
용산구,이태원동,단독다가구,20338.4,73
용산구,이태원동,아파트,61145.0,63
용산구,이태원동,연립다세대,35161.4,139
용산구,이태원동,오피스텔,30250.0,1
용산구,주성동,단독다가구,10500.0,5
용산구,주성동,연립다세대,24429.4,12
용산구,청암동,단독다가구,15000.0,1
용산구,청암동,아파트,77500.0,2
용산구,청파동1가,단독다가구,15801.0,22
용산구,청파동1가,연립다세대,25217.6,179
용산구,청파동1가,오피스텔,25631.2,8
용산구,청파동2가,단독다가구,17690.0,10
용산구,청파동2가,연립다세대,26760.6,72
용산구,청파동3가,단독다가구,13948.4,31
용산구,청파동3가,아파트,76500.0,3
용산구,청파동3가,연립다세대,27585.6,221
용산구,청파동3가,오피스텔,21500.0,16
용산구,한강로1가,단독다가구,19162.5,4
용산구,한강로1가,아파트,91912.5,16
용산구,한강로1가,연립다세대,24477.9,33
용산구,한강로1가,오피스텔,38194.5,73
용산구,한강로2가,아파트,118250.0,57
용산구,한강로2가,연립다세대,22225.7,21
용산구,한강로2가,오피스텔,39305.0,131
용산구,한강로3가,단독다가구,10653.7,19
용산구,한강로3가,아파트,154295.8,99
용산구,한강로3가,연립다세대,18454.5,11
용산구,한강로3가,오피스텔,34737.5,17
용산구,한남동,단독다가구,24750.0,18
용산구,한남동,아파트,168432.9,114
용산구,한남동,연립다세대,90564.9,57
용산구,한남동,오피스텔,72666.7,3
용산구,효창동,단독다가구,20060.8,18
용산구,효창동,아파트,81468.9,126
용산구,효창동,연립다세대,28846.5,263
용산구,후암동,단독다가구,20583.0,89
용산구,후암동,아파트,41926.3,19
용산구,후암동,연립다세대,27377.5,303
용산구,후암동,오피스텔,15712.5,8
은평구,갈현동,단독다가구,13269.9,73
은평구,갈현동,아파트,37722.1,78
은평구,갈현동,연립다세대,18720.1,225
은평구,갈현동,오피스텔,36012.5,8
은평구,구산동,단독다가구,13781.0,21
은평구,구산동,아파트,40940.9,33
은평구,구산동,연립다세대,18811.8,84
은평구,구산동,오피스텔,22441.2,4
은평구,녹번동,단독다가구,14417.4,48
은평구,녹번동,아파트,58702.1,203
은평구,녹번동,연립다세대,20535.5,277
은평구,녹번동,오피스텔,21528.6,35
은평구,대조동,단독다가구,12008.5,41
은평구,대조동,아파트,22013.2,101
은평구,대조동,연립다세대,20146.8,199
은평구,대조동,오피스텔,16048.8,68
은평구,불광동,단독다가구,12457.9,111
은평구,불광동,아파트,47940.7,288
은평구,불광동,연립다세대,19208.0,434
은평구,불광동,오피스텔,21142.8,39
은평구,수색동,단독다가구,16406.2,8
은평구,수색동,아파트,63431.4,293
은평구,수색동,연립다세대,19384.7,40
은평구,신사동,단독다가구,11366.5,46
은평구,신사동,아파트,41440.2,263
은평구,신사동,연립다세대,18723.2,164
은평구,신사동,오피스텔,26438.4,29
은평구,역촌동,단독다가구,12815.4,52
은평구,역촌동,아파트,46046.4,48
은평구,역촌동,연립다세대,19752.7,182
은평구,역촌동,오피스텔,21279.5,43
은평구,응암동,단독다가구,12147.0,112
은평구,응암동,아파트,56274.9,697
은평구,응암동,연립다세대,18371.8,213
은평구,응암동,오피스텔,20108.2,133
은평구,증산동,단독다가구,15255.6,9
은평구,증산동,아파트,67641.6,210
은평구,증산동,연립다세대,23259.4,43
은평구,증산동,오피스텔,22000.0,1
은평구,진관동,단독다가구,43250.0,4
은평구,진관동,아파트,39646.3,1057
은평구,진관동,연립다세대,60458.3,12
은평구,진관동,오피스텔,24663.6,53
종로구,가회동,단독다가구,44013.3,3
종로구,경운동,오피스텔,23475.0,6
종로구,계동,단독다가구,27916.7,6
종로구,계동,연립다세대,24000.0,1
종로구,관수동,오피스텔,22300.0,7
종로구,교북동,단독다가구,55000.0,1
종로구,교북동,아파트,61294.4,18
종로구,교북동,오피스텔,34531.4,7
종로구,구기동,단독다가구,35100.0,5
종로구,구기동,아파트,46133.3,3
종로구,구기동,연립다세대,55889.5,38
종로구,낙원동,단독다가구,30000.0,1
종로구,낙원동,아파트,22500.0,2
종로구,내수동,아파트,132300.0,15
종로구,내수동,연립다세대,63000.0,1
종로구,내수동,오피스텔,25566.2,34
종로구,내자동,단독다가구,20000.0,1
종로구,누상동,단독다가구,15000.0,4
종로구,누상동,연립다세대,27052.0,27
종로구,누하동,단독다가구,29475.0,4
종로구,누하동,연립다세대,36200.0,3
종로구,당주동,아파트,53944.4,9
종로구,돈의동,단독다가구,5500.0,1
종로구,동숭동,단독다가구,16333.3,12
종로구,동숭동,연립다세대,17993.7,27
종로구,명륜1가,단독다가구,22440.0,15
종로구,명륜1가,아파트,67500.0,2
종로구,명륜1가,연립다세대,29763.2,19
종로구,명륜2가,단독다가구,20400.0,5
종로구,명륜2가,아파트,66219.0,21
종로구,명륜2가,연립다세대,17500.0,2
종로구,명륜3가,단독다가구,12618.5,27
종로구,명륜3가,아파트,7250.0,2
종로구,명륜3가,연립다세대,10928.6,14
종로구,명륜4가,단독다가구,16816.7,6
종로구,명륜4가,연립다세대,27150.0,2
종로구,무악동,단독다가구,13000.0,1
종로구,무악동,아파트,78231.0,77
종로구,무악동,연립다세대,23000.0,1
종로구,부암동,단독다가구,35469.4,9
종로구,부암동,연립다세대,30457.7,13
종로구,부암동,오피스텔,11500.0,2
종로구,사직동,단독다가구,15480.0,5
종로구,사직동,아파트,119110.5,19
종로구,사직동,연립다세대,24011.7,6
종로구,사직동,오피스텔,32675.0,8
종로구,삼청동,단독다가구,17781.2,8
종로구,수송동,오피스텔,39375.0,4
종로구,숭인동,단독다가구,12025.0,20
종로구,숭인동,아파트,49648.3,47
종로구,숭인동,연립다세대,21990.8,49
종로구,숭인동,오피스텔,22498.3,156
종로구,신교동,단독다가구,20000.0,1
종로구,신교동,아파트,35000.0,1
종로구,신교동,연립다세대,25692.9,7
종로구,신문로1가,아파트,53500.0,2
종로구,신문로2가,단독다가구,7683.3,6
종로구,신문로2가,아파트,280000.0,1
종로구,신문로2가,오피스텔,72000.0,1
종로구,신영동,아파트,36000.0,2
종로구,신영동,연립다세대,31561.4,29
종로구,연건동,단독다가구,15000.0,3
종로구,연건동,연립다세대,19595.7,7
종로구,연건동,오피스텔,13750.0,2
종로구,연지동,연립다세대,23125.0,4
종로구,연지동,오피스텔,23146.8,19
종로구,옥인동,단독다가구,26800.0,5
종로구,옥인동,연립다세대,30425.0,8
종로구,원남동,단독다가구,8500.0,2
종로구,원남동,오피스텔,21000.0,3
종로구,원서동,연립다세대,23709.1,11
종로구,이화동,단독다가구,15678.6,7
종로구,이화동,아파트,36700.0,1
종로구,익선동,아파트,32356.2,8
종로구,인의동,아파트,77875.0,4
종로구,인의동,오피스텔,24333.3,3
종로구,종로5가,오피스텔,23002.2,18
종로구,종로6가,단독다가구,11500.0,1
종로구,종로6가,연립다세대,27928.6,14
종로구,창성동,단독다가구,20283.3,3
종로구,창신동,단독다가구,13616.0,25
종로구,창신동,아파트,41927.2,117
종로구,창신동,연립다세대,17973.8,71
종로구,창신동,오피스텔,20635.8,11
종로구,청운동,단독다가구,23000.0,1
종로구,청운동,연립다세대,81714.3,7
종로구,체부동,단독다가구,34000.0,2
종로구,체부동,연립다세대,49000.0,2
종로구,충신동,단독다가구,14639.5,15
종로구,충신동,아파트,89750.0,8
종로구,충신동,오피스텔,29600.0,5
종로구,통인동,단독다가구,32500.0,2
종로구,통인동,아파트,24000.0,1
종로구,통인동,연립다세대,75000.0,1
종로구,팔판동,단독다가구,21000.0,1
종로구,평동,아파트,114164.9,39
종로구,평창동,단독다가구,60425.0,12
종로구,평창동,아파트,55035.0,23
종로구,평창동,연립다세대,45434.7,27
종로구,필운동,아파트,69000.0,2
종로구,필운동,연립다세대,33455.0,4
종로구,필운동,오피스텔,14600.0,1
종로구,행촌동,단독다가구,12388.9,9
종로구,행촌동,연립다세대,18546.9,33
종로구,혜화동,단독다가구,19550.0,11
종로구,혜화동,연립다세대,22886.7,15
종로구,혜화동,오피스텔,38600.0,5
종로구,홍지동,단독다가구,22187.5,4
종로구,홍지동,연립다세대,30000.0,1
종로구,홍파동,아파트,120860.0,48
종로구,홍파동,연립다세대,33333.3,3
종로구,화동,단독다가구,27000.0,1
종로구,효자동,연립다세대,35000.0,1
종로구,효제동,아파트,27840.0,5
종로구,효제동,오피스텔,17125.0,16
중구,광희동1가,오피스텔,26350.0,2
중구,광희동2가,단독다가구,17125.0,4
중구,광희동2가,연립다세대,27688.9,18
중구,광희동2가,오피스텔,26166.7,3
중구,남대문로5가,아파트,112500.0,3
중구,남산동2가,단독다가구,15000.0,1
중구,남산동2가,연립다세대,31500.0,1
중구,남창동,아파트,25000.0,1
중구,만리동1가,단독다가구,18666.7,3
중구,만리동1가,아파트,74801.1,17
중구,만리동1가,연립다세대,32100.0,21
중구,만리동1가,오피스텔,37901.1,9
중구,만리동2가,아파트,82085.5,119
중구,만리동2가,오피스텔,52980.0,20
중구,무학동,단독다가구,8000.0,1
중구,묵정동,아파트,44803.0,33
중구,묵정동,연립다세대,14062.5,4
중구,묵정동,오피스텔,22611.1,9
중구,북창동,오피스텔,46666.7,3
중구,순화동,아파트,70505.9,17
중구,순화동,오피스텔,33707.3,10
중구,신당동,단독다가구,19816.1,122
중구,신당동,아파트,64092.0,459
중구,신당동,연립다세대,29158.6,253
중구,신당동,오피스텔,22682.3,57
중구,쌍림동,단독다가구,10000.0,3
중구,쌍림동,오피스텔,21800.0,4
중구,예장동,단독다가구,10000.0,1
중구,예장동,연립다세대,24266.4,11
중구,오장동,아파트,25600.0,7
중구,오장동,오피스텔,19227.5,36
중구,을지로4가,오피스텔,24966.4,7
중구,을지로5가,아파트,59050.0,6
중구,을지로5가,오피스텔,34520.0,5
중구,을지로6가,오피스텔,23900.0,2
중구,의주로1가,오피스텔,52323.9,9
중구,인현동2가,아파트,33956.3,34
중구,입정동,아파트,68897.2,32
중구,장충동1가,단독다가구,17500.0,2
중구,장충동1가,아파트,450000.0,1
중구,장충동1가,연립다세대,17314.1,10
중구,장충동2가,단독다가구,12857.1,7
중구,장충동2가,연립다세대,12029.3,15
중구,저동2가,오피스텔,19995.0,8
중구,정동,아파트,32054.5,22
중구,중림동,단독다가구,19160.0,5
중구,중림동,아파트,75691.7,30
중구,중림동,연립다세대,20982.4,17
중구,중림동,오피스텔,33962.2,53
중구,충무로2가,오피스텔,21450.0,16
중구,충무로3가,오피스텔,23405.0,8
중구,충무로4가,아파트,87020.0,21
중구,충무로5가,아파트,24794.4,18
중구,충무로5가,오피스텔,25600.0,5
중구,필동1가,단독다가구,12500.0,1
중구,필동1가,오피스텔,41285.7,7
중구,필동2가,단독다가구,30000.0,1
중구,필동2가,연립다세대,25193.3,3
중구,필동3가,단독다가구,6500.0,1
중구,필동3가,아파트,30000.0,1
중구,필동3가,연립다세대,22975.0,8
중구,황학동,단독다가구,14833.3,15
중구,황학동,아파트,59626.2,101
중구,황학동,연립다세대,25617.6,21
중구,황학동,오피스텔,32337.9,336
중구,회현동1가,단독다가구,18500.0,2
중구,회현동1가,아파트,124671.4,14
중구,회현동1가,연립다세대,25445.7,49
중구,회현동1가,오피스텔,28000.0,4
중구,회현동2가,아파트,181500.0,4
중구,회현동2가,연립다세대,35000.0,8
중구,회현동3가,단독다가구,7000.0,1
중구,회현동3가,연립다세대,19633.3,3
중구,흥인동,아파트,39713.3,15
중구,흥인동,오피스텔,24029.8,15
중랑구,망우동,단독다가구,14955.1,147
중랑구,망우동,아파트,46624.7,120
중랑구,망우동,연립다세대,23226.9,135
중랑구,망우동,오피스텔,30972.1,254
중랑구,면목동,단독다가구,12520.7,441
중랑구,면목동,아파트,50344.7,371
중랑구,면목동,연립다세대,23430.2,581
중랑구,면목동,오피스텔,26224.3,60
중랑구,묵동,단독다가구,13991.5,101
중랑구,묵동,아파트,44793.9,267
중랑구,묵동,연립다세대,20181.6,145
중랑구,묵동,오피스텔,19750.0,2
중랑구,상봉동,단독다가구,14931.8,69
중랑구,상봉동,아파트,46622.7,171
중랑구,상봉동,연립다세대,22038.4,191
중랑구,상봉동,오피스텔,24307.5,111
중랑구,신내동,단독다가구,13383.6,14
중랑구,신내동,아파트,26753.4,1009
중랑구,신내동,연립다세대,20563.4,41
중랑구,신내동,오피스텔,21415.1,47
중랑구,중화동,단독다가구,13719.6,125
중랑구,중화동,아파트,45461.2,90
중랑구,중화동,연립다세대,22342.7,264
중랑구,중화동,오피스텔,13083.3,6
