H_DNG_CD,M00,M10,M20,M30,M40,M50,M60,M70,F00,F10,F20,F30,F40,F50,F60,F70,SIDO_NM,SGG_NM,ADMI_NM
11110515,90.34,863.37,1066.32,1368.27,1262.6,1353.9,1023.85,898.73,104.03,929.14,1484.3,1559.15,1522.7,1581.21,1277.11,1308.19,서울특별시,종로구,청운효자동
11110530,41.1,439.19,1872.61,3457.59,3366.48,3169.5,1751.69,1110.1,61.79,570.75,3059.71,3738.65,3155.63,2545.33,1751.03,1375.48,서울특별시,종로구,사직동
11110540,12.3,317.85,411.38,429.51,432.27,460.57,346.58,287.5,24.92,139.95,445.39,468.89,422.49,458.21,408.54,344.31,서울특별시,종로구,삼청동
11110550,79.1,557.41,826.34,696.03,742.55,926.43,846.42,753.96,54.2,604.51,861.99,778.8,932.88,1142.04,986.32,1015.08,서울특별시,종로구,부암동
11110560,58.93,709.66,968.74,1018.91,1151.9,1562.07,1587.35,1376.71,64.41,931.77,1024.68,1155.28,1462.31,1930.63,1827.19,1791.55,서울특별시,종로구,평창동
11110570,19.54,169.73,244.36,311.46,260.48,318.75,434.35,368.52,58.55,237.01,249.61,348.78,359.14,441.63,618.22,505.75,서울특별시,종로구,무악동
11110580,41.48,446.83,578.76,854.56,966.31,1058.73,741.99,704.07,86.58,406.61,785.78,1065.93,1117.27,1183.33,938.73,956.48,서울특별시,종로구,교남동
11110600,12.79,192.76,527.5,1096.98,1156.72,875.58,482.81,434.06,23.59,223.71,846.59,822.96,668.53,675.4,503.61,538.53,서울특별시,종로구,가회동
11110615,79.41,618.11,5325.56,8364.37,8170.65,7904.05,5446.96,3916.3,86.53,939.64,7210.13,7194.57,5619.57,5716.16,4074.75,2312.96,서울특별시,종로구,종로1.2.3.4가동
11110630,15.86,191.73,970.47,1503.75,1525.85,1878.63,1871.87,1314.49,26.78,226.04,1272.49,1349.45,1165.36,1557.5,1516.15,1075.39,서울특별시,종로구,종로5.6가동
11110640,50.01,489.73,2149.31,2100.56,1695.22,1986.78,1311.82,978.77,73.16,781.09,3551.33,2684.36,2078.29,2085.73,1449.12,1222.29,서울특별시,종로구,이화동
11110650,56.48,1215.38,3046.14,1663.51,1320.63,1615.18,1164.72,1040.67,106.9,1122.19,3492.34,1642.25,1471.63,1756.31,1265.99,1560.87,서울특별시,종로구,혜화동
11110670,12.6,129.57,396.48,508.38,521.69,795.52,1121.03,774.35,8.98,80.8,397.59,436.47,431.56,781.89,829.76,674.93,서울특별시,종로구,창신1동
11110680,8.51,117.38,309.89,394.86,314.29,694.53,761.33,485.2,26.92,88.55,282.02,291.37,240.79,693.3,691.2,713.89,서울특별시,종로구,창신2동
11110690,21.44,97.04,274.85,366.2,352.51,416.53,524.23,415.16,14.62,116.47,310.32,329.65,296.91,461.2,521.51,455.46,서울특별시,종로구,창신3동
11110700,28.59,159.1,326.47,433.96,442.73,616.42,652.01,504.58,40.82,175.29,380.45,406.47,422.05,661.26,637.61,649.02,서울특별시,종로구,숭인1동
11110710,15.72,158.13,890.14,1081.67,700.07,1084.25,1247.55,934.15,26.82,160.5,1303.42,990.45,635.4,912.99,877.5,796.19,서울특별시,종로구,숭인2동
11140520,21.45,253.26,1971.62,4305.02,4482.38,3864.39,1773.65,794.39,41.57,897.91,3078.03,4074.26,3419.07,2564.74,1619.18,685.89,서울특별시,중구,소공동
11140540,28.81,282.25,1781.07,3642.89,3536.01,3200.25,1942.72,1075.49,28.19,289.9,2591.14,3573.15,2728.8,2817.39,2592.01,1627.72,서울특별시,중구,회현동
11140550,56.26,371.13,2833.18,5910.81,6125.32,4765.61,2158.26,1087.76,66.11,664.62,4734.42,5557.59,4590.75,3291.47,2189.62,1251.11,서울특별시,중구,명동
11140570,18.14,307.16,1477.66,1527.54,1487.89,1748.42,1123.27,615.43,26.22,402.81,1736.69,1378.66,1175.83,1200.42,824.18,648.94,서울특별시,중구,필동
11140580,12.02,245.66,1281.46,1104.78,1039.88,1018.49,700.11,487.13,19.63,286.78,1389.36,1085.77,792.66,764.37,591.53,555.27,서울특별시,중구,장충동
11140590,20.91,334.26,1577.65,2571.81,2207.38,2230.66,1800.65,947.57,32.79,353.75,2296.75,2451.56,1780.35,1788.7,1481.59,953.84,서울특별시,중구,광희동
11140605,11.76,154.2,1271.87,1974.86,1974.96,2191.17,1666.89,908.73,11.38,182.1,1510.05,1632.93,1265.31,1363.52,800.77,416.25,서울특별시,중구,을지로동
11140615,21.79,282.08,913.53,1728.94,1328.05,1458.3,1321.56,805.42,42.3,251.41,1254.63,1467.61,1218.07,1464.01,1315.67,976.74,서울특별시,중구,신당동
11140625,37.14,432.22,847.68,1178.82,1090.13,1225.63,1056.5,997.45,55.47,369.63,1040.46,1232.29,1025.45,1196.83,1255.84,1363.83,서울특별시,중구,다산동
11140635,34.66,309.98,680.54,1211.51,1258.71,1221.9,1300.75,1200.29,54.88,328.83,869.42,1513.43,1125.0,1538.9,1432.33,1686.05,서울특별시,중구,약수동
11140645,31.86,248.91,390.97,583.71,437.47,595.37,487.71,394.43,28.91,204.25,494.91,646.11,471.95,593.91,606.44,555.41,서울특별시,중구,청구동
11140650,40.68,298.5,535.42,934.32,746.23,990.69,932.37,686.4,36.21,235.39,754.87,915.84,672.06,916.38,951.7,950.12,서울특별시,중구,신당5동
11140665,65.88,398.36,675.75,995.31,965.62,1262.61,1247.25,948.59,98.02,404.27,841.05,1145.58,1050.35,1437.91,1353.34,1373.3,서울특별시,중구,동화동
11140670,31.3,167.14,781.09,1585.37,932.94,972.92,867.4,827.7,45.17,198.84,1292.1,1620.42,966.83,833.74,958.28,945.88,서울특별시,중구,황학동
11140680,44.57,339.17,691.48,1177.62,1237.83,1201.97,999.74,722.28,62.58,273.69,938.51,1366.99,1158.79,1169.13,970.64,928.63,서울특별시,중구,중림동
11170510,57.68,455.42,732.64,1175.11,923.53,960.67,886.15,718.39,55.08,360.73,883.99,1136.72,1001.58,1112.09,1043.16,985.52,서울특별시,용산구,후암동
11170520,44.4,432.18,903.57,1125.66,819.89,770.97,694.89,735.66,29.34,359.72,1010.14,1053.82,700.51,804.91,788.06,1036.17,서울특별시,용산구,용산2가동
11170530,35.03,319.17,1594.8,2158.51,1793.6,2074.94,1603.71,1005.82,34.82,355.71,2034.81,2008.97,1361.63,1445.01,1243.79,908.57,서울특별시,용산구,남영동
11170555,60.44,782.97,1679.76,2205.81,1542.97,1904.89,1560.93,1174.85,81.54,834.38,3469.45,2126.71,1459.07,1858.74,1588.33,1691.86,서울특별시,용산구,청파동
11170560,49.67,321.36,1152.1,2285.06,1643.83,1486.18,1088.91,678.19,45.58,299.93,1825.31,2493.19,1411.35,1487.96,1023.76,767.75,서울특별시,용산구,원효로1동
11170570,81.52,414.11,789.9,1359.34,1216.74,1243.89,1102.12,846.79,106.73,557.44,1028.39,1294.15,1001.44,1197.0,1129.44,1167.44,서울특별시,용산구,원효로2동
11170580,44.92,308.54,588.41,894.87,798.89,795.67,601.74,509.3,61.9,340.05,865.4,980.63,815.07,854.59,632.07,694.23,서울특별시,용산구,효창동
11170590,22.03,263.91,617.85,854.71,696.64,839.96,787.66,696.25,33.65,275.93,710.65,876.81,695.2,966.73,951.09,996.0,서울특별시,용산구,용문동
11170625,134.5,1073.08,5078.54,7062.45,5454.7,4469.17,2879.83,1791.92,177.84,1103.09,6429.74,6970.69,4161.28,3954.79,2850.39,1975.1,서울특별시,용산구,한강로동
11170630,169.5,1204.35,1102.42,1393.65,1864.17,2074.97,1653.19,1518.56,166.37,1023.92,1143.46,1810.93,2334.53,2632.46,2017.06,2344.12,서울특별시,용산구,이촌1동
11170640,9.54,126.95,256.43,394.33,441.26,380.08,394.46,350.05,11.88,140.31,384.47,377.16,325.55,394.06,477.68,596.31,서울특별시,용산구,이촌2동
11170650,6.78,158.58,1322.57,1496.73,824.51,737.27,661.0,503.87,23.41,158.33,1242.97,1063.18,640.17,730.28,689.83,620.14,서울특별시,용산구,이태원1동
11170660,38.93,239.19,789.19,1157.0,868.46,740.69,689.71,635.82,20.35,237.52,960.67,1149.72,836.68,782.94,753.1,891.11,서울특별시,용산구,이태원2동
11170685,60.11,452.29,2021.07,2890.71,2441.73,2137.21,1562.1,1168.55,61.63,468.98,2621.52,3328.56,2429.32,2238.46,1719.46,1545.99,서울특별시,용산구,한남동
11170690,73.89,749.21,953.93,1132.31,1401.71,1578.56,1303.46,958.19,83.43,633.64,959.93,1166.22,1514.3,1587.01,1298.4,1409.82,서울특별시,용산구,서빙고동
11170700,7.0,277.25,455.43,567.78,487.9,598.36,577.86,398.48,22.66,118.99,358.06,445.73,453.08,611.88,694.15,578.48,서울특별시,용산구,보광동
11200520,61.04,379.17,652.5,1008.06,798.89,899.79,819.53,624.4,66.51,420.88,804.07,1083.4,839.14,976.25,910.18,875.63,서울특별시,성동구,왕십리2동
11200535,161.29,910.54,2128.56,2656.74,2440.26,2534.94,2229.66,1583.23,179.22,862.99,2726.65,2950.94,2502.15,2927.29,2338.87,2198.93,서울특별시,성동구,왕십리도선동
11200540,111.31,653.95,2078.17,1901.55,1576.27,2035.75,1905.78,1528.22,166.45,767.2,2040.05,1631.5,1388.35,2024.04,1923.31,2049.29,서울특별시,성동구,마장동
11200550,50.7,711.59,4186.72,1571.11,1018.65,1188.91,901.69,729.14,51.43,1094.22,3497.45,1248.4,960.37,1264.01,894.62,947.46,서울특별시,성동구,사근동
11200560,106.75,675.7,1917.64,1859.36,1571.46,1679.39,1411.27,1009.62,128.51,819.77,2163.41,1793.59,1491.19,1862.07,1490.93,1330.65,서울특별시,성동구,행당1동
11200570,101.39,773.59,986.57,1476.0,1488.32,1737.34,1457.28,1307.79,136.45,1000.28,1176.36,1691.13,1752.55,2000.74,1755.32,1993.53,서울특별시,성동구,행당2동
11200580,56.45,516.77,470.31,842.58,906.9,1088.63,876.8,842.61,91.3,584.07,550.65,983.14,1171.53,1301.75,976.56,1111.58,서울특별시,성동구,응봉동
11200590,90.23,511.29,642.2,1023.64,1168.85,1084.31,1036.98,855.05,116.58,499.49,713.15,1225.64,1250.5,1267.55,1339.12,1354.34,서울특별시,성동구,금호1가동
11200615,54.74,624.89,1072.6,1839.31,1667.57,1739.16,1592.2,1429.68,116.16,624.35,1184.92,2091.4,1733.19,1979.89,2027.14,2149.28,서울특별시,성동구,금호2.3가동
11200620,84.72,378.34,594.31,1213.82,1278.22,1210.13,1057.78,948.74,123.53,324.88,691.51,1436.51,1313.11,1390.12,1355.6,1498.17,서울특별시,성동구,금호4가동
11200645,110.93,707.86,793.24,1767.35,1806.43,1522.62,1430.64,1241.11,144.92,760.07,1099.15,2225.27,2073.94,1851.6,1927.14,1761.45,서울특별시,성동구,옥수동
11200650,48.14,423.52,1373.35,2153.12,1470.95,1619.97,1570.5,872.96,57.31,409.87,1836.41,2173.31,1327.5,1649.09,1444.84,985.9,서울특별시,성동구,성수1가1동
11200660,42.43,523.49,1886.24,2792.13,2060.05,1810.59,1376.14,863.21,69.77,566.47,2709.51,2855.01,1654.92,1600.67,1269.25,919.18,서울특별시,성동구,성수1가2동
11200670,44.5,378.9,1303.44,1915.02,1403.48,1683.57,1845.71,927.25,89.13,476.43,1554.27,1565.75,1106.26,1389.34,1452.06,1223.33,서울특별시,성동구,성수2가1동
11200690,71.0,477.23,2944.26,3926.57,2937.7,2809.68,1915.24,996.97,95.32,754.44,4220.51,3678.63,2198.22,2131.89,1360.3,1048.9,서울특별시,성동구,성수2가3동
11200720,12.75,213.79,953.14,1210.76,1017.97,994.39,948.4,617.4,36.15,217.22,954.3,953.31,743.2,775.83,892.05,713.5,서울특별시,성동구,송정동
11200790,50.59,295.93,1405.46,1738.87,1303.83,1815.09,1528.84,1103.52,84.05,291.33,1574.04,1406.43,900.39,1166.41,1084.45,1217.38,서울특별시,성동구,용답동
11215710,34.64,919.0,6236.36,3327.04,1767.66,1784.22,1291.97,1056.86,65.09,1095.85,7251.05,3042.31,1573.8,1567.01,1299.29,1251.7,서울특별시,광진구,화양동
11215730,49.76,511.81,2565.73,1680.99,1250.54,1340.22,1240.6,873.37,75.17,517.65,2482.81,1603.33,1208.2,1154.36,1183.52,1005.71,서울특별시,광진구,군자동
11215740,52.94,342.16,1114.37,1567.66,1166.1,1353.49,1289.07,981.34,64.78,281.45,1480.43,1579.28,1031.4,1318.4,1352.97,1151.8,서울특별시,광진구,중곡1동
11215750,91.0,515.13,1294.84,1702.13,1311.89,1490.4,1395.01,1167.19,82.01,466.99,1615.84,1774.1,1399.49,1716.86,1715.71,1456.98,서울특별시,광진구,중곡2동
11215760,52.84,347.07,947.8,1394.67,1083.67,1263.67,1301.9,972.98,58.17,347.79,1073.95,1278.33,977.32,1403.56,1396.21,1420.49,서울특별시,광진구,중곡3동
11215770,123.11,1060.51,1892.7,2315.84,1905.01,2572.65,2745.76,2175.38,155.77,1186.83,1853.97,2157.41,1966.76,3031.34,3116.38,2812.23,서울특별시,광진구,중곡4동
11215780,42.61,359.51,1404.78,1428.22,1044.49,936.45,806.51,703.32,67.58,470.03,1564.65,1539.37,1048.51,978.27,920.73,839.06,서울특별시,광진구,능동
11215810,284.21,2781.21,2109.76,1939.97,3095.65,3272.21,2296.27,1727.81,444.04,2958.76,2221.07,2362.52,4067.49,3577.76,2524.86,2171.95,서울특별시,광진구,광장동
11215820,61.33,564.91,1995.04,2081.79,1504.47,1713.21,1506.56,1111.58,77.9,575.83,2180.11,1983.68,1591.56,1722.84,1812.33,1468.64,서울특별시,광진구,자양1동
11215830,126.04,946.23,1621.99,2241.46,1951.1,2105.37,1961.42,1569.6,173.56,948.68,1664.7,2256.34,2089.81,2310.39,2209.42,1957.84,서울특별시,광진구,자양2동
11215840,125.17,1183.29,2006.19,2241.08,2176.32,2299.26,2077.26,1660.4,194.64,1403.23,2148.74,2377.37,2444.45,2738.63,2464.16,2087.74,서울특별시,광진구,자양3동
11215847,50.78,468.61,1775.58,2182.87,1501.25,1857.92,1781.47,1206.09,57.37,560.22,2218.32,2044.44,1449.76,1734.34,1810.92,1719.79,서울특별시,광진구,자양4동
11215850,44.15,490.5,2016.82,2311.47,1688.3,1527.56,1418.68,966.37,45.46,478.74,2356.65,2206.2,1377.46,1604.64,1562.32,1196.42,서울특별시,광진구,구의1동
11215860,142.64,1059.0,1569.45,1833.82,1952.43,2222.57,2017.96,1654.0,146.95,1241.5,1631.34,1943.84,2094.1,2472.61,2268.61,2200.3,서울특별시,광진구,구의2동
11215870,99.89,1241.79,2099.44,2826.28,2539.47,2800.3,2328.38,1650.36,187.57,1265.58,2608.47,2969.82,2613.83,3010.48,2491.59,2040.27,서울특별시,광진구,구의3동
11230536,122.67,937.4,3221.46,3943.91,3491.59,3919.49,3787.52,2899.56,144.27,754.83,3720.22,3860.26,3104.83,3807.04,3385.66,3252.75,서울특별시,동대문구,용신동
11230545,62.47,653.46,2282.54,1918.66,1642.84,2298.42,2513.67,2346.09,120.41,665.56,2211.49,1517.89,1428.6,2097.01,2397.29,2938.84,서울특별시,동대문구,제기동
11230560,155.25,1252.2,3082.69,2960.97,2875.87,3349.85,2981.42,2403.31,188.15,1329.18,3268.93,2827.65,2872.3,3416.87,3148.22,3125.98,서울특별시,동대문구,전농1동
11230570,106.87,851.44,1407.74,1171.29,1331.83,1614.78,1485.2,1318.66,144.34,893.78,1297.11,1199.8,1427.66,1778.24,1795.6,1813.82,서울특별시,동대문구,전농2동
11230600,158.14,752.3,1333.42,2101.02,2187.84,2001.83,1882.72,1429.15,225.61,930.18,1847.91,2292.73,2256.38,2131.67,2035.01,1949.22,서울특별시,동대문구,답십리1동
11230610,138.24,791.8,1453.83,2480.43,2220.16,2652.29,2645.71,2079.91,175.61,798.49,1520.23,2417.22,2135.51,2743.55,2916.22,2881.67,서울특별시,동대문구,답십리2동
11230650,147.71,671.06,1913.1,3238.75,3191.34,2919.44,3169.32,2102.32,169.41,772.15,2326.31,2985.25,2820.35,2999.46,2840.03,2338.33,서울특별시,동대문구,장안1동
11230660,246.11,1627.94,1844.3,2495.82,2976.27,2890.93,2510.64,1961.41,336.61,1437.11,1941.63,2617.26,3035.92,2860.31,2694.03,2485.93,서울특별시,동대문구,장안2동
11230705,56.59,440.68,1233.13,1461.97,1522.92,1872.8,2430.62,2139.0,62.76,436.36,1244.09,1263.0,1258.14,1929.32,2367.34,2752.72,서울특별시,동대문구,청량리동
11230710,48.55,609.96,2085.72,1138.98,855.16,1011.94,723.04,720.12,81.57,776.14,2666.37,1078.01,1000.26,1032.89,861.31,1029.14,서울특별시,동대문구,회기동
11230720,49.01,391.76,1596.85,1264.34,931.81,1074.2,978.32,861.4,55.71,448.93,2042.63,1183.06,913.61,1185.62,965.65,1164.64,서울특별시,동대문구,휘경1동
11230730,65.26,913.17,2780.93,1694.68,1552.31,1788.32,1573.97,1432.35,79.24,1107.12,2561.0,1526.5,1500.27,1969.76,1803.53,1838.07,서울특별시,동대문구,휘경2동
11230740,89.95,1106.5,3547.17,1844.23,1507.09,1771.64,1410.18,1124.4,88.48,1005.42,3868.93,1633.85,1471.75,1791.16,1395.31,1619.11,서울특별시,동대문구,이문1동
11230750,107.45,718.88,1029.75,1120.49,1341.23,1663.73,1587.33,1525.21,108.29,707.97,1041.39,1177.4,1336.88,1771.86,1651.45,2028.49,서울특별시,동대문구,이문2동
11260520,103.92,681.87,1338.03,1833.6,1829.9,2327.69,2408.11,1758.49,149.33,678.08,1403.72,1767.05,1542.28,2442.17,2550.78,2328.89,서울특별시,중랑구,면목2동
11260540,71.13,567.05,918.35,1218.68,1302.18,1474.77,1590.26,1336.06,85.76,457.35,910.37,1165.99,1259.09,1603.89,1655.18,1735.9,서울특별시,중랑구,면목4동
11260550,102.69,382.51,639.18,997.7,1068.1,1157.83,1142.82,865.9,118.6,365.34,640.6,1029.2,1036.79,1242.91,1197.3,1092.81,서울특별시,중랑구,면목5동
11260565,106.6,787.52,2241.17,2968.63,2420.07,3194.8,3176.85,2388.9,129.58,788.64,2362.3,2702.96,2209.13,3444.95,3440.3,3320.74,서울특별시,중랑구,면목본동
11260570,82.76,602.87,1096.89,1600.29,1483.26,1855.9,1941.4,1652.98,112.65,453.52,1172.92,1597.5,1360.05,1922.47,2189.36,2145.06,서울특별시,중랑구,면목7동
11260575,124.63,799.99,1731.16,1943.76,1795.51,2253.84,2306.65,1912.14,185.67,757.77,1760.63,1738.9,1667.72,2496.87,2638.37,2390.24,서울특별시,중랑구,면목3.8동
11260580,101.45,623.71,1137.07,1504.89,1516.87,1454.62,1722.89,1141.17,102.81,589.65,1186.99,1672.4,1452.54,2019.72,2083.83,1543.34,서울특별시,중랑구,상봉1동
11260590,60.16,426.01,2094.72,2831.68,1716.04,2057.58,1929.94,1357.99,70.01,426.64,2853.79,2796.73,1709.47,2105.39,2034.2,1582.15,서울특별시,중랑구,상봉2동
11260600,85.19,691.72,1015.93,1457.92,1307.84,1410.07,1684.92,1345.6,95.27,631.74,979.94,1303.32,1161.96,1608.71,1910.18,1689.65,서울특별시,중랑구,중화1동
11260610,106.89,503.95,1283.13,1823.45,1541.87,2105.55,2403.35,1818.74,100.95,387.57,1363.23,1525.37,1357.33,1994.45,2191.41,2302.8,서울특별시,중랑구,중화2동
11260620,152.82,1253.06,1609.29,1966.03,2243.39,2429.44,2368.16,2307.28,168.31,1188.43,1954.88,2076.71,2247.47,2868.25,2895.06,2956.65,서울특별시,중랑구,묵1동
11260630,101.91,648.58,1363.71,1759.45,1624.43,1971.39,1882.15,1612.99,125.13,571.23,1647.22,1627.71,1618.55,2159.7,2228.77,2018.14,서울특별시,중랑구,묵2동
11260655,249.23,1539.76,2015.42,3503.12,3231.41,3429.08,3741.49,2663.3,287.33,1659.88,2422.61,3553.66,3099.66,3625.71,4000.99,3329.8,서울특별시,중랑구,망우본동
11260660,79.03,313.27,621.73,751.32,791.3,1160.89,1381.94,850.73,63.54,312.77,562.86,609.54,707.34,1193.46,1322.65,1167.46,서울특별시,중랑구,망우3동
11260680,255.0,1620.56,2021.47,2482.11,2836.38,3369.5,3401.38,2661.99,357.6,1708.02,2071.56,2576.08,3017.16,3761.47,3731.71,3518.55,서울특별시,중랑구,신내1동
11260690,123.93,758.82,847.92,1255.1,1245.49,1405.94,1460.37,1327.14,132.51,716.67,929.84,1363.25,1324.84,1698.24,1880.43,1920.04,서울특별시,중랑구,신내2동
11290525,70.6,869.46,1569.36,1614.15,1362.19,1748.7,1574.44,1375.92,94.02,703.5,1684.6,1744.32,1565.85,2085.58,1880.65,2007.91,서울특별시,성북구,성북동
11290555,90.53,980.03,2204.55,1824.14,1745.6,2263.63,1679.87,1466.94,110.64,1143.72,2503.21,1921.79,1767.58,2362.35,1914.86,2153.76,서울특별시,성북구,삼선동
11290575,75.79,744.65,2185.31,1747.75,1254.41,1361.92,1062.28,919.28,129.65,1391.96,4456.58,1767.91,1319.46,1553.35,1203.3,1330.22,서울특별시,성북구,동선동
11290580,57.31,553.43,624.32,777.43,789.79,1082.52,1018.07,948.06,92.79,520.63,834.97,869.25,879.38,1287.27,1244.94,1402.34,서울특별시,성북구,돈암1동
11290590,66.05,506.41,449.16,540.84,736.92,802.43,675.26,542.61,121.72,491.77,503.34,661.42,898.78,1048.21,890.81,753.86,서울특별시,성북구,돈암2동
11290600,33.53,1063.31,4929.43,1984.64,1328.23,1643.37,1326.05,1079.79,61.35,762.44,4482.85,1720.99,1306.89,1652.08,1335.67,1425.93,서울특별시,성북구,안암동
11290610,90.44,436.6,1330.19,1536.6,1321.91,1577.91,1291.49,1025.38,95.74,467.26,1530.31,1520.77,1260.75,1712.85,1476.9,1445.47,서울특별시,성북구,보문동
11290620,101.8,609.68,849.02,870.45,1113.62,1186.76,949.67,1046.75,113.88,633.45,874.69,1151.16,1277.66,1473.59,1113.12,1373.89,서울특별시,성북구,정릉1동
11290630,139.61,702.93,1253.92,1275.68,1302.89,1703.59,1596.67,1499.38,141.78,663.18,1301.1,1350.69,1380.5,1908.3,1913.7,2121.57,서울특별시,성북구,정릉2동
11290640,32.63,803.23,2900.6,1093.8,770.76,1170.78,922.67,808.92,43.11,675.59,2288.67,901.12,699.88,1065.86,1006.53,1185.19,서울특별시,성북구,정릉3동
11290650,86.6,886.95,1548.63,1359.76,1510.59,2008.94,1772.44,1755.28,94.58,882.82,1527.41,1385.17,1630.03,2191.35,2177.96,2321.83,서울특별시,성북구,정릉4동
11290660,267.97,2426.97,1670.54,1655.35,2874.83,2966.23,1692.48,1661.82,425.21,2636.6,1857.61,2095.61,3774.57,3182.52,2294.6,2448.64,서울특별시,성북구,길음1동
11290685,152.37,962.96,1213.97,1306.74,1739.61,1796.55,1374.03,1134.12,180.97,1006.71,1359.05,1629.54,2152.18,2255.96,1693.88,1528.7,서울특별시,성북구,길음2동
11290705,206.51,1836.49,2937.94,2586.12,2784.28,3326.55,2807.28,2489.85,247.55,1575.02,2881.78,2445.3,2965.5,3592.75,3198.16,3673.79,서울특별시,성북구,종암동
11290715,189.42,1283.34,1201.58,1640.38,1969.17,2308.34,1794.4,1619.02,227.91,1512.26,1327.75,1707.44,2174.67,2443.93,2266.22,2287.91,서울특별시,성북구,월곡1동
11290725,114.84,857.53,1544.18,1653.2,1548.08,1995.53,1755.43,1591.55,136.47,897.54,2426.37,1487.06,1548.77,2057.76,2027.11,2132.41,서울특별시,성북구,월곡2동
11290760,164.72,895.63,1372.46,1640.82,1718.03,2028.01,1956.04,1502.79,242.15,893.88,1422.61,1582.04,1721.79,2346.49,2248.05,2110.58,서울특별시,성북구,장위1동
11290770,52.62,337.77,763.98,969.26,867.03,1126.66,980.0,1035.93,78.58,325.39,831.05,969.02,811.21,1277.42,1334.93,1454.05,서울특별시,성북구,장위2동
11290780,85.4,522.07,697.23,1033.93,958.61,1020.31,968.1,924.99,118.99,395.89,847.02,1039.69,1000.77,1175.66,1218.75,1275.54,서울특별시,성북구,장위3동
11290810,94.26,855.28,1870.17,2196.46,2052.16,2685.75,2625.29,2142.68,128.1,770.73,2177.99,2069.81,1745.84,2733.32,2948.29,2788.33,서울특별시,성북구,석관동
11305534,160.01,944.25,1384.33,1525.81,1793.9,2143.48,2106.76,1806.41,161.45,772.89,1312.54,1403.44,1655.67,2357.94,2274.87,2374.57,서울특별시,강북구,삼양동
11305535,77.99,745.46,1406.8,1600.17,1350.64,1692.12,1849.99,1425.17,63.1,430.97,1856.8,1332.87,1241.91,2107.63,2193.13,2257.15,서울특별시,강북구,미아동
11305545,202.89,1027.51,1955.39,2195.23,2306.04,2715.94,2645.7,2402.99,184.41,1225.88,2331.29,2162.61,2398.73,3325.02,3274.34,3254.31,서울특별시,강북구,송중동
11305555,99.5,872.93,1366.22,1635.29,1746.18,2396.41,2618.09,2248.99,110.89,958.63,1362.52,1412.99,1619.51,2546.35,2762.4,3055.96,서울특별시,강북구,송천동
11305575,197.68,1332.62,1169.44,1347.92,2053.9,2030.43,1546.6,1444.36,220.19,1377.33,1170.94,1543.16,2409.37,2545.71,1931.34,2202.92,서울특별시,강북구,삼각산동
11305595,70.3,448.63,1558.37,1686.24,1611.98,2016.04,1751.16,1442.06,92.17,472.37,1772.96,1405.21,1389.83,1928.03,1775.1,1832.22,서울특별시,강북구,번1동
11305603,85.3,479.99,838.89,876.42,1022.61,1322.81,1390.91,1383.17,67.14,420.52,814.18,794.34,913.42,1388.01,1581.56,2276.13,서울특별시,강북구,번2동
11305608,75.58,568.74,781.84,881.42,1097.02,1570.5,1538.43,1783.46,103.82,503.32,810.22,908.82,1110.14,1625.39,1717.71,2915.93,서울특별시,강북구,번3동
11305615,82.0,430.64,1120.68,1271.27,1228.34,1471.56,1603.81,1401.61,97.34,492.44,1197.74,1111.79,1133.07,1701.86,1821.98,1781.87,서울특별시,강북구,수유1동
11305625,109.42,630.68,1075.38,1251.0,1383.32,1836.18,1809.94,1806.99,133.42,542.92,1262.06,1116.3,1302.47,2016.23,2215.97,2685.13,서울특별시,강북구,수유2동
11305635,37.31,522.96,2282.2,2264.8,1941.07,2401.41,2154.23,1593.35,52.98,569.82,2583.97,1870.33,1675.51,2425.06,2305.15,2412.94,서울특별시,강북구,수유3동
11305645,104.82,715.48,1125.89,1442.41,1560.18,2158.0,2158.79,2021.37,138.81,715.12,1383.61,1363.25,1524.46,2263.26,2391.26,2793.31,서울특별시,강북구,우이동
11305660,154.94,955.98,1412.49,1699.42,1890.24,2406.22,2463.54,2454.48,182.37,908.48,1501.07,1575.05,1815.66,2610.44,2930.81,3572.41,서울특별시,강북구,인수동
11320511,106.7,971.08,1327.13,1584.46,1622.72,2016.76,1848.62,1728.19,149.34,933.38,1411.28,1540.6,1793.81,2376.84,2274.36,2408.8,서울특별시,도봉구,창1동
11320512,142.98,905.78,1770.83,2034.95,2086.5,2556.23,2441.91,2190.98,194.58,813.14,1799.88,1977.19,2142.34,2838.42,2827.9,2885.67,서울특별시,도봉구,창2동
11320513,78.0,380.8,618.36,672.89,857.84,1084.79,1008.47,904.55,59.14,345.86,549.86,574.14,750.78,1149.39,1202.77,1304.28,서울특별시,도봉구,창3동
11320514,131.63,1364.16,1822.32,2051.74,2138.47,2715.15,2766.44,2064.41,185.49,1249.35,2007.37,2056.83,2288.36,3152.44,3023.54,2541.33,서울특별시,도봉구,창4동
11320515,101.6,820.09,1422.63,1671.56,1524.88,1869.92,1875.99,1598.54,111.4,799.18,1509.28,1757.5,1644.17,2311.98,2293.06,1945.25,서울특별시,도봉구,창5동
11320521,85.48,553.52,1067.03,1323.39,1453.84,2269.96,2626.71,2713.16,72.24,428.78,1037.85,1101.71,1307.55,2140.92,2583.34,3178.37,서울특별시,도봉구,도봉1동
11320522,133.14,759.99,1299.24,1676.56,1842.44,2161.44,2477.94,2569.24,164.4,703.07,1224.86,1693.96,1758.89,2346.52,2787.46,2931.94,서울특별시,도봉구,도봉2동
11320660,114.9,693.33,958.92,1060.76,1189.74,1599.82,1571.49,1600.37,108.18,803.98,1717.73,1071.97,1199.26,1663.8,1746.26,2075.56,서울특별시,도봉구,쌍문1동
11320670,91.87,635.54,996.83,1134.11,1155.64,1403.86,1397.02,1243.19,134.38,579.66,970.88,1126.24,1194.94,1711.54,1836.01,1813.48,서울특별시,도봉구,쌍문2동
11320680,52.51,375.61,981.08,1182.53,1050.21,1286.69,1275.87,1092.3,65.11,441.84,1099.46,1022.73,1027.77,1432.21,1583.5,1500.81,서울특별시,도봉구,쌍문3동
11320681,120.19,1413.5,943.61,1174.69,1381.83,1530.64,1720.21,1418.67,173.76,1051.86,940.71,1290.01,1671.54,2126.72,2254.78,1889.17,서울특별시,도봉구,쌍문4동
11320690,136.81,937.0,1549.64,1918.04,2090.9,2681.31,2632.4,2334.88,121.73,891.63,1657.38,1746.53,2007.21,2864.3,3011.46,2722.62,서울특별시,도봉구,방학1동
11320700,60.35,445.55,935.28,1036.37,1138.96,1610.16,1799.06,1647.53,62.82,366.01,822.73,845.89,1081.34,1732.34,1901.43,2090.32,서울특별시,도봉구,방학2동
11320710,148.68,1062.71,1218.83,1368.97,1585.18,1926.21,2192.17,1973.02,183.32,983.58,1126.61,1300.65,1757.65,2392.37,2785.48,2645.3,서울특별시,도봉구,방학3동
11350560,76.05,1190.9,2813.58,1444.55,1496.58,1901.16,1772.26,1609.6,88.35,813.63,1787.6,1215.7,1382.23,1749.99,1773.09,1964.98,서울특별시,노원구,월계1동
11350570,154.59,1127.38,1513.69,1320.83,1794.54,2193.84,2133.18,1851.84,143.15,1215.69,1376.94,1363.3,1942.75,2283.46,2573.36,2733.38,서울특별시,노원구,월계2동
11350580,157.0,1120.32,1587.8,2285.03,2237.1,2410.14,2344.76,2344.86,175.71,1038.05,1631.5,2363.39,2351.27,2870.61,3119.75,3381.55,서울특별시,노원구,월계3동
11350595,146.35,1145.73,3339.5,2704.9,2675.54,3075.8,2958.85,2582.65,234.48,1226.43,3536.34,2641.71,2718.56,3316.38,3498.2,3407.74,서울특별시,노원구,공릉1동
11350600,269.73,2882.96,4694.06,3187.95,3395.66,3698.7,3024.68,2435.07,406.37,2850.03,4733.85,3211.51,3891.12,4047.78,3439.64,3037.03,서울특별시,노원구,공릉2동
11350611,98.9,1840.11,2478.53,1596.24,1655.49,2556.45,2238.81,1648.42,152.9,1574.2,2314.87,1579.02,2001.61,2942.19,2671.33,2795.3,서울특별시,노원구,하계1동
11350612,72.12,819.05,761.86,937.58,1030.67,1234.62,1193.64,720.28,85.32,672.4,859.36,1063.77,1204.69,1480.67,1437.84,1006.68,서울특별시,노원구,하계2동
11350619,190.46,2690.79,1280.91,947.0,1795.47,2228.9,1483.57,911.95,227.05,2878.92,1408.9,1012.65,2525.0,2557.51,1578.84,1247.57,서울특별시,노원구,중계본동
11350621,186.4,2990.94,1325.47,929.15,2172.3,2394.75,1397.13,879.26,235.31,2551.54,1317.2,1114.37,3219.36,2709.26,1713.34,1433.85,서울특별시,노원구,중계1동
11350624,97.83,1123.12,1024.15,950.77,1246.83,1676.95,1488.38,1393.52,82.37,820.87,935.42,910.22,1362.72,1942.85,1697.19,2271.01,서울특별시,노원구,중계4동
11350625,134.03,1283.47,1579.11,1855.38,2061.0,2579.28,2279.0,2109.44,168.04,1499.67,1690.58,1938.04,2472.13,3220.16,3043.35,3694.36,서울특별시,노원구,중계2.3동
11350630,237.76,1523.22,2076.65,2269.6,2486.48,3298.39,3481.84,3045.56,276.65,1476.23,2085.63,2248.31,2751.39,3865.27,4052.09,3805.01,서울특별시,노원구,상계1동
11350640,107.03,1033.19,2305.77,1843.91,1688.22,2303.97,2055.2,1512.88,123.01,1168.44,2168.25,1619.39,1728.54,2624.65,2311.17,1981.66,서울특별시,노원구,상계2동
11350665,158.5,1052.72,1451.77,1450.23,1846.0,2573.95,2540.84,2403.66,172.59,962.8,1315.49,1360.83,1873.71,2705.98,2664.68,3138.78,서울특별시,노원구,상계3.4동
11350670,99.21,495.06,968.1,1148.43,1124.23,1451.79,1394.8,1233.62,71.51,559.97,955.55,1017.42,1021.56,1815.71,1809.21,1901.34,서울특별시,노원구,상계5동
11350695,146.91,1567.26,2557.48,2973.52,2714.38,3225.68,2594.04,2116.3,191.38,1525.62,3096.64,3388.93,3460.1,4435.66,3570.67,3173.57,서울특별시,노원구,상계6.7동
11350700,139.97,942.98,1058.1,2014.94,1529.97,1353.56,1144.67,1114.57,142.88,929.75,1095.94,2238.76,1779.08,1830.96,1592.96,1566.2,서울특별시,노원구,상계8동
11350710,142.42,1096.6,1075.86,1281.87,1253.77,1499.7,1364.18,1282.51,199.6,975.41,1061.01,1309.36,1522.65,2008.89,1818.44,1851.16,서울특별시,노원구,상계9동
11350720,53.77,596.21,973.66,1302.02,1139.16,1165.06,1146.9,937.56,52.6,866.46,1169.2,1447.44,1278.16,1761.74,1579.36,1215.85,서울특별시,노원구,상계10동
11380510,146.07,1023.84,2214.18,2914.64,2868.11,3210.69,2976.02,2729.01,232.47,1084.36,2613.47,3256.88,2995.41,3719.52,3639.71,4085.56,서울특별시,은평구,녹번동
11380520,87.46,1085.02,1779.64,2301.6,2232.96,2775.62,2740.03,2568.98,161.18,909.63,2021.89,2401.78,2432.21,3258.22,3395.66,3796.96,서울특별시,은평구,불광1동
11380530,71.17,914.59,1700.96,1988.93,1779.41,2236.23,2401.62,2270.94,76.47,729.84,1808.68,1868.82,1709.65,2607.43,2776.92,3096.27,서울특별시,은평구,불광2동
11380551,90.93,861.7,1467.26,1475.16,1284.73,1542.54,1397.89,1221.22,95.98,776.01,1487.01,1298.89,1284.23,1688.84,1609.59,1677.93,서울특별시,은평구,갈현1동
11380552,111.14,1034.26,1562.93,1724.85,1793.68,1963.42,1852.48,1497.84,125.02,1101.36,1721.27,1701.89,1877.23,2576.41,2313.49,2178.31,서울특별시,은평구,갈현2동
11380560,156.0,1348.11,1748.19,1881.37,2050.43,2685.49,2570.81,2327.02,224.92,1706.16,1934.63,1893.66,2233.3,3017.71,2851.19,2970.74,서울특별시,은평구,구산동
11380570,81.83,775.85,2168.28,3024.13,2201.85,2517.83,2353.62,2172.1,137.86,974.33,3000.68,2936.02,2164.45,2970.21,2875.28,3218.49,서울특별시,은평구,대조동
11380580,195.87,1153.16,1601.97,2230.42,2293.98,2356.37,1984.1,1610.33,206.68,1088.66,2095.93,2546.19,2649.04,2859.86,2556.44,2555.33,서울특별시,은평구,응암1동
11380590,178.5,970.08,984.34,1647.72,2326.66,1812.05,1436.92,1144.63,210.75,876.25,997.68,2067.45,2309.07,1858.18,1695.52,1807.9,서울특별시,은평구,응암2동
11380600,103.33,687.32,1382.66,1652.79,1610.39,1961.59,1877.29,1775.13,139.8,586.63,1387.85,1558.08,1536.74,2109.92,2312.41,2449.52,서울특별시,은평구,응암3동
11380625,196.27,1515.58,2623.2,3190.3,3306.06,3693.98,3297.3,3154.54,227.41,1649.23,2895.32,3281.31,3524.68,4328.58,4261.36,4439.86,서울특별시,은평구,역촌동
11380631,124.38,807.73,1534.23,1725.49,1687.08,1994.17,1925.83,1590.76,91.67,727.09,1527.77,1739.36,1804.62,2317.55,2411.43,2317.59,서울특별시,은평구,신사1동
11380632,55.77,968.61,1004.82,1311.17,1282.46,1502.21,1595.32,1412.12,99.13,635.59,1024.49,1273.07,1274.44,1620.03,1725.87,1888.37,서울특별시,은평구,신사2동
11380640,47.75,424.69,766.35,1054.73,964.11,1147.98,970.0,925.66,73.93,458.58,839.83,1087.63,935.07,1383.1,1241.4,1043.95,서울특별시,은평구,증산동
11380650,112.31,678.8,1183.31,1687.59,1534.42,1877.82,1566.13,1029.63,121.98,543.32,1206.69,1871.0,1579.71,2004.07,1638.85,1530.08,서울특별시,은평구,수색동
11380690,342.63,3777.82,3294.86,3244.18,4189.62,5131.54,4075.08,3539.99,400.66,3673.99,4050.02,4226.78,5567.42,5923.67,4858.22,4808.58,서울특별시,은평구,진관동
11410520,45.28,619.56,900.55,1099.86,1106.3,1407.64,1117.65,1036.06,43.48,529.66,910.79,1208.19,1249.01,1552.76,1409.22,1596.54,서울특별시,서대문구,천연동
11410555,65.52,370.01,378.73,709.3,1018.78,681.99,618.04,438.07,74.44,340.32,638.82,759.34,774.39,925.78,788.86,687.9,서울특별시,서대문구,북아현동
11410565,100.2,822.68,2026.19,3485.63,3272.79,3185.93,2091.83,1471.13,109.6,867.13,2930.06,3401.29,2815.85,2791.18,2157.99,1848.83,서울특별시,서대문구,충현동
11410585,37.06,1060.87,7186.02,4136.3,2441.46,2532.74,1827.61,1311.08,58.97,2293.34,11422.82,4347.84,2913.78,3025.61,2152.13,1790.11,서울특별시,서대문구,신촌동
11410615,103.94,1156.14,3738.63,3088.91,2480.73,2720.86,2294.4,2206.99,127.17,1155.0,4062.47,3229.39,2778.38,3138.87,2761.12,3255.34,서울특별시,서대문구,연희동
11410620,113.86,914.31,1440.36,1756.05,1696.23,2122.51,1982.65,1892.0,122.04,1017.82,1584.24,1896.75,1865.97,2537.63,2495.35,2654.42,서울특별시,서대문구,홍제1동
11410640,98.71,567.53,1190.21,1282.22,1231.81,1658.88,1534.66,1501.03,134.36,643.89,1214.62,1323.11,1311.08,1888.84,1856.56,2202.12,서울특별시,서대문구,홍제3동
11410655,60.68,301.83,493.64,791.11,653.98,881.38,918.9,779.76,58.11,341.89,629.33,827.44,713.07,1139.37,1172.81,1170.23,서울특별시,서대문구,홍제2동
11410660,121.83,619.35,1044.78,1364.14,1468.37,1760.06,1775.49,1440.12,146.25,698.98,1138.19,1450.96,1459.1,1988.38,2015.88,2053.66,서울특별시,서대문구,홍은1동
11410685,86.31,1069.57,1708.1,1841.39,1739.69,2058.12,1746.41,1594.6,121.24,1140.24,1678.08,1558.5,1917.04,2424.34,2357.71,2238.53,서울특별시,서대문구,홍은2동
11410690,100.49,604.6,471.08,908.02,1246.91,1097.83,896.48,652.68,146.27,706.82,685.36,1097.71,1257.22,1205.66,1086.09,1004.4,서울특별시,서대문구,남가좌1동
11410700,257.74,1389.03,2201.57,1850.64,2197.56,2233.97,1792.79,1626.95,264.79,1409.76,2326.24,2038.82,2325.0,2382.29,2032.32,2410.97,서울특별시,서대문구,남가좌2동
11410710,70.98,851.2,679.68,940.32,1193.72,1349.21,1152.45,1033.24,115.35,793.4,820.18,1051.21,1456.71,1533.56,1365.7,1359.36,서울특별시,서대문구,북가좌1동
11410720,129.25,950.66,1812.43,2084.75,1999.66,2457.74,2362.63,2259.88,159.95,987.46,1920.64,1908.6,2018.56,2756.24,2756.18,3183.07,서울특별시,서대문구,북가좌2동
11440555,145.83,902.2,1243.89,2446.17,2464.02,2209.67,1764.36,1127.14,150.16,1337.21,1876.99,3046.54,2596.7,2456.19,2012.59,1688.25,서울특별시,마포구,아현동
11440565,101.59,919.03,2138.94,3410.95,2916.86,3332.22,2802.93,1995.09,159.73,888.4,3236.83,3709.77,2820.68,3569.51,2946.07,2748.03,서울특별시,마포구,공덕동
11440585,46.18,498.25,1242.38,2212.46,1797.55,1723.32,1374.06,984.54,54.78,467.14,1683.49,2285.72,1707.49,1761.99,1708.34,1336.52,서울특별시,마포구,도화동
11440590,117.53,865.55,884.53,1731.86,2199.77,1981.01,1403.51,1050.55,156.88,867.51,1184.99,2126.63,2357.5,1935.62,1489.86,1410.22,서울특별시,마포구,용강동
11440600,74.92,1014.04,2777.8,1780.86,1372.98,1500.69,1114.86,771.42,93.43,913.19,3084.22,1834.74,1467.5,1482.03,1115.91,1102.36,서울특별시,마포구,대흥동
11440610,90.97,1082.24,1505.88,2094.64,2188.34,1916.4,1259.81,828.3,183.63,1209.75,1927.64,2343.39,2378.39,1910.62,1441.07,1316.19,서울특별시,마포구,염리동
11440630,71.97,899.37,1662.33,1709.51,1647.84,1959.21,1390.05,1137.87,95.65,856.86,1733.48,1852.7,1858.66,2044.3,1541.16,1575.59,서울특별시,마포구,신수동
11440655,78.95,1070.61,3747.21,2645.14,2144.82,2089.86,1535.12,1284.71,110.34,1224.57,4229.88,2764.78,2243.6,2258.29,1751.33,1832.93,서울특별시,마포구,서강동
11440660,50.45,1671.21,8521.15,7033.64,4468.99,3436.85,2009.91,1420.73,92.49,3033.05,12101.21,7178.98,3912.38,3193.13,2177.22,1912.15,서울특별시,마포구,서교동
11440680,27.28,292.65,1816.27,2457.67,1647.87,1392.01,1042.52,796.55,43.81,424.52,2576.25,2619.99,1568.72,1501.3,1299.65,1095.87,서울특별시,마포구,합정동
11440690,58.56,474.51,1629.4,2146.06,1583.82,1565.48,1207.09,1142.13,83.43,558.7,2242.45,2264.67,1703.8,1717.32,1539.77,1770.68,서울특별시,마포구,망원1동
11440700,81.85,596.23,1010.57,1421.17,1356.99,1488.53,1124.98,1094.98,71.8,599.09,1429.34,1561.76,1479.06,1563.78,1384.62,1621.35,서울특별시,마포구,망원2동
11440710,23.2,398.85,1578.21,1834.79,1179.78,995.09,781.07,753.96,25.34,451.72,2314.98,1914.76,1168.11,1135.0,917.06,1079.86,서울특별시,마포구,연남동
11440720,54.04,775.41,1551.61,2030.79,1802.94,1810.89,1334.01,1093.85,72.45,896.99,2028.68,2258.82,1916.11,1967.76,1531.22,1726.86,서울특별시,마포구,성산1동
11440730,135.4,1370.84,2540.06,3246.82,2651.87,3054.73,2442.17,2017.47,205.0,1301.81,3823.72,3823.16,3018.47,3494.88,2884.18,2744.11,서울특별시,마포구,성산2동
11440740,185.31,2013.35,3390.59,4994.31,5352.46,4759.3,2558.29,1879.94,305.89,1988.84,5370.06,5446.7,4491.55,3859.75,2642.79,2464.94,서울특별시,마포구,상암동
11470510,240.74,2931.77,1876.76,1946.36,3368.39,3130.1,1860.07,1414.15,384.35,2782.87,2169.63,2351.36,4314.15,3396.05,2376.06,1706.87,서울특별시,양천구,목1동
11470520,147.85,1402.12,1926.83,2448.28,2065.93,2229.31,2205.37,1642.47,210.69,1152.61,2024.88,2466.76,2363.75,2788.11,2604.21,2193.34,서울특별시,양천구,목2동
11470530,61.75,452.61,920.58,1253.51,1016.86,1179.78,1203.78,919.89,70.79,399.63,985.17,1284.32,1166.24,1393.04,1540.72,1278.8,서울특별시,양천구,목3동
11470540,120.67,1432.53,1491.74,1360.78,1426.78,1999.28,1413.43,1048.13,124.98,957.72,1420.97,1307.24,1767.62,2290.58,1627.68,1517.87,서울특별시,양천구,목4동
11470550,247.18,4352.33,1975.45,1945.85,3745.56,3576.96,2594.18,2125.48,380.77,3692.74,2302.9,2406.57,5311.92,3983.54,3256.58,2424.02,서울특별시,양천구,목5동
11470560,80.82,532.99,953.16,1370.0,1440.61,1752.32,2014.17,1610.97,118.76,442.02,952.09,1057.32,1204.35,1735.95,2074.04,1983.06,서울특별시,양천구,신월1동
11470570,96.67,459.58,610.93,1023.85,1161.47,1009.71,1026.81,901.17,80.03,512.47,723.25,1062.16,966.49,1199.62,1186.38,1132.84,서울특별시,양천구,신월2동
11470580,67.85,536.43,902.1,1169.78,1143.04,1383.82,1402.44,996.46,70.94,506.86,800.05,999.22,935.78,1148.09,1391.62,1300.97,서울특별시,양천구,신월3동
11470590,100.37,483.63,556.23,821.82,862.76,877.26,897.26,820.22,82.84,494.87,521.06,706.16,972.25,1013.65,1150.01,962.19,서울특별시,양천구,신월4동
11470600,64.21,573.92,769.28,1058.51,1042.5,1089.66,1283.3,952.17,86.55,569.08,823.5,1023.1,1071.63,1305.37,1487.16,1314.89,서울특별시,양천구,신월5동
11470610,74.42,372.71,420.93,717.51,756.8,750.07,711.98,567.22,65.97,309.35,441.08,710.75,723.44,831.02,881.02,740.97,서울특별시,양천구,신월6동
11470611,58.69,509.19,846.67,1157.51,1221.82,1543.09,1653.21,1466.48,86.24,519.66,851.7,1009.28,1125.07,1621.42,1994.27,1901.58,서울특별시,양천구,신월7동
11470620,128.29,1047.63,851.92,832.02,1341.45,1417.65,1172.04,913.63,161.32,1000.77,856.34,968.22,1560.66,1469.35,1312.6,1041.93,서울특별시,양천구,신정1동
11470630,130.15,1290.1,857.9,753.86,1313.72,1563.34,1200.04,948.58,171.98,1329.11,902.84,837.15,1820.18,1695.22,1373.84,1154.72,서울특별시,양천구,신정2동
11470640,281.36,2867.44,2973.82,3318.97,3813.96,4772.48,4044.34,3480.57,343.42,2710.28,2947.73,3438.02,4321.91,5594.39,4675.72,4446.17,서울특별시,양천구,신정3동
11470650,193.87,1462.03,2508.86,2825.88,2643.75,2963.17,2617.71,2358.93,236.84,1739.97,2663.54,2627.33,2566.49,3271.11,3064.9,3051.91,서울특별시,양천구,신정4동
11470670,144.42,1439.01,881.2,1027.2,1785.84,1679.48,1384.84,1077.46,195.32,1549.69,1041.76,1373.13,2334.01,1854.99,1632.56,1227.22,서울특별시,양천구,신정6동
11470680,180.08,1806.49,1325.31,1419.16,1955.27,2186.51,2123.42,1812.9,287.18,2022.97,1277.5,1536.63,2410.96,2570.11,2534.72,2641.79,서울특별시,양천구,신정7동
11500510,299.22,1592.71,1818.73,3342.64,3325.68,2702.12,2328.4,1529.75,288.53,1589.99,2517.16,3864.4,3490.07,2956.72,2685.84,2009.16,서울특별시,강서구,염창동
11500520,111.64,639.06,1885.73,3415.84,2287.03,1978.56,1579.43,1216.71,148.83,553.56,2648.34,3888.92,2122.29,2064.92,1807.57,1709.51,서울특별시,강서구,등촌1동
11500530,104.1,1005.18,1191.26,1642.25,1340.4,1366.81,1420.49,1119.78,104.54,554.88,1237.25,1672.65,1378.66,1630.75,1740.14,1485.22,서울특별시,강서구,등촌2동
11500535,147.82,1221.78,1907.2,3052.86,2488.97,2523.36,2928.38,2304.32,203.45,1086.54,2184.79,2975.59,2475.4,3014.02,3380.45,3138.33,서울특별시,강서구,등촌3동
11500540,138.91,962.42,3577.37,5192.26,3889.48,3700.87,3433.87,3064.61,197.07,882.78,4351.07,4543.37,3451.75,3856.55,4146.59,3912.02,서울특별시,강서구,화곡1동
11500550,108.71,397.16,836.75,1095.36,1062.62,1051.81,893.47,832.67,115.25,372.87,802.99,983.79,952.14,1209.1,1220.06,1086.37,서울특별시,강서구,화곡2동
11500560,60.54,648.94,1222.74,1440.77,1327.54,1443.5,1481.69,1363.93,102.99,618.93,1440.72,1412.23,1479.31,1692.96,1847.55,1683.05,서울특별시,강서구,화곡3동
11500570,120.34,649.77,1091.58,1462.21,1420.01,1423.36,1316.65,1346.96,112.72,713.49,1109.54,1293.19,1391.93,1887.43,1921.0,1721.2,서울특별시,강서구,화곡4동
11500590,220.57,1065.19,2263.85,2931.68,2436.92,2334.37,2080.76,1795.95,226.43,955.96,2552.09,2742.05,2367.2,2541.24,2595.58,2473.14,서울특별시,강서구,화곡본동
11500591,104.7,558.11,1698.48,2428.02,1968.32,1882.96,1831.83,1353.81,129.64,597.79,2161.5,2431.58,1788.42,2044.04,2149.56,1604.17,서울특별시,강서구,화곡6동
11500593,246.07,1092.86,2429.03,3344.42,3076.35,2744.94,2145.43,1860.64,269.52,1131.22,2762.75,2912.78,2671.11,2775.63,2793.13,2430.23,서울특별시,강서구,화곡8동
11500603,110.06,1104.3,4181.03,7561.69,5447.92,4352.93,2990.63,1629.57,127.29,1075.83,6262.06,7160.93,3925.43,3501.84,2907.55,1818.63,서울특별시,강서구,가양1동
11500604,30.49,298.64,590.62,1136.32,809.57,877.94,1543.91,1501.19,38.46,227.93,702.52,1189.5,775.61,944.9,1758.24,2114.89,서울특별시,강서구,가양2동
11500605,24.55,212.96,527.39,1260.23,1009.87,916.2,1000.24,1021.94,45.62,176.37,634.54,1406.25,799.2,837.33,1297.24,1519.07,서울특별시,강서구,가양3동
11500611,210.5,2735.81,2851.74,3276.79,3906.29,4138.8,2901.16,2179.19,359.66,3036.23,3349.28,3444.09,4326.28,4273.1,3366.93,2981.75,서울특별시,강서구,발산1동
11500615,187.99,1654.55,1711.02,2126.04,2614.78,2350.7,1876.06,1718.34,270.82,1724.1,2076.89,2158.34,2978.95,2755.95,2504.84,2293.94,서울특별시,강서구,우장산동
11500620,284.24,1484.25,2959.04,4379.65,4615.55,3932.45,3051.97,2017.31,411.95,1403.96,3129.21,3938.21,3705.62,3282.33,2895.92,2427.56,서울특별시,강서구,공항동
11500630,217.65,1497.79,1917.92,2793.34,3220.06,3205.92,2894.97,2285.87,258.43,1577.06,1923.04,2804.45,3192.32,3168.72,3436.86,2852.09,서울특별시,강서구,방화1동
11500640,128.37,822.1,2395.44,3851.64,3303.87,3239.74,2981.15,2243.6,135.21,864.58,2910.28,3538.48,2811.59,2920.35,2992.29,2782.0,서울특별시,강서구,방화2동
11500641,72.27,671.85,922.78,1660.32,1624.36,1567.99,1657.94,1440.95,127.51,557.98,918.28,1619.15,1527.4,1841.03,1718.63,1838.21,서울특별시,강서구,방화3동
11530510,165.28,1457.9,2088.66,3127.14,3233.63,2951.94,2473.47,1892.57,269.33,1652.56,2361.03,3500.48,3627.71,3281.57,2722.42,2208.44,서울특별시,구로구,신도림동
11530520,146.76,936.22,1025.25,1699.29,1580.89,1534.64,1323.38,940.56,159.06,963.85,1142.12,1767.5,1670.32,1606.16,1619.59,1149.26,서울특별시,구로구,구로1동
11530530,84.29,584.32,1506.36,2236.46,2188.18,2959.53,2851.65,2056.42,79.88,640.95,1672.91,1927.65,1783.8,2644.19,2512.49,2432.26,서울특별시,구로구,구로2동
11530540,104.21,615.73,4053.58,6066.01,5130.89,3964.84,2481.66,1618.21,65.64,561.29,4390.3,4533.86,3308.46,2981.07,2314.23,1970.89,서울특별시,구로구,구로3동
11530550,59.14,383.43,981.96,1381.61,1219.93,1726.48,1629.33,1434.34,33.33,348.46,782.31,1276.88,1165.84,1725.63,1814.63,2046.0,서울특별시,구로구,구로4동
11530560,102.42,857.96,2531.01,3863.22,2995.55,3219.49,2778.08,2183.95,152.3,854.13,3210.41,3558.63,2746.95,3243.96,2877.42,2597.62,서울특별시,구로구,구로5동
11530595,15.16,85.04,802.07,989.85,564.01,684.02,562.4,428.95,13.88,64.34,773.34,645.35,403.24,469.32,503.33,481.4,서울특별시,구로구,가리봉동
11530720,186.33,1301.67,2153.91,2799.2,2234.86,2410.35,2438.44,2016.7,211.11,1290.67,2025.61,2776.1,2224.11,2577.68,2499.39,2380.19,서울특별시,구로구,고척1동
11530730,135.83,737.65,836.62,1411.46,1241.61,1487.0,1517.31,1377.34,179.78,741.57,1052.07,1127.25,1294.64,1698.33,1546.0,1814.57,서울특별시,구로구,고척2동
11530740,151.96,1054.25,1663.5,2440.16,2287.66,2603.67,2769.37,2421.0,193.14,1004.73,1706.72,2472.12,2213.22,2786.52,3098.95,3027.66,서울특별시,구로구,개봉1동
11530750,124.89,736.67,1370.16,1970.55,2006.2,2010.73,2366.43,2127.97,153.66,726.81,1507.9,2005.21,2032.42,2422.09,2806.19,2606.77,서울특별시,구로구,개봉2동
11530760,135.99,583.09,879.88,1110.84,1146.17,1346.28,1373.75,1379.19,154.25,582.18,831.46,1062.18,1189.85,1590.78,1827.74,1674.69,서울특별시,구로구,개봉3동
11530770,72.39,458.33,1506.5,2065.35,1437.74,1371.9,1534.18,1432.31,100.29,553.35,2052.93,2033.38,1219.97,1564.36,1725.39,1748.09,서울특별시,구로구,오류1동
11530780,264.83,2093.85,2234.03,2636.43,3133.04,3454.51,2979.58,3015.75,451.58,2119.84,2172.69,2623.49,3353.41,3736.16,3589.2,4153.65,서울특별시,구로구,오류2동
11530790,85.8,1154.39,1258.76,1388.9,1545.46,1823.66,1959.67,1695.38,155.59,1059.69,1124.7,1353.81,1665.87,1964.68,2220.46,2227.3,서울특별시,구로구,수궁동
11530800,153.72,530.09,429.96,963.5,1146.89,630.75,573.08,428.87,241.5,441.34,420.39,1227.36,1122.32,669.74,709.95,537.1,서울특별시,구로구,항동
11545510,86.52,456.58,6643.67,10440.78,7794.65,6636.54,3771.98,1566.34,111.03,427.44,7240.93,7185.57,3977.6,3701.14,2514.47,1548.8,서울특별시,금천구,가산동
11545610,163.95,999.31,3873.47,6105.0,4195.93,4073.77,3704.72,2400.08,239.26,859.41,4326.79,5069.0,3239.89,3787.11,3637.5,2998.39,서울특별시,금천구,독산1동
11545620,35.12,262.6,712.89,1177.03,834.77,1022.3,1154.5,919.25,82.91,265.44,705.26,971.73,665.92,1200.98,1286.4,1016.43,서울특별시,금천구,독산2동
11545630,65.42,349.56,959.35,1552.13,1160.78,1271.42,1486.9,1082.34,48.71,319.08,1241.56,1298.25,1026.87,1470.27,1576.54,1315.77,서울특별시,금천구,독산3동
11545640,47.05,324.75,912.43,1191.97,969.02,1514.79,1571.82,1121.51,67.19,346.5,875.28,978.0,872.63,1564.62,1674.54,1338.87,서울특별시,금천구,독산4동
11545670,130.36,1004.32,2084.58,2897.9,2523.17,2791.83,2593.47,2003.81,136.21,953.15,2045.67,2514.9,2163.09,3114.78,2981.79,2448.62,서울특별시,금천구,시흥1동
11545680,147.58,858.39,835.69,993.55,1235.87,1550.97,1666.0,1392.93,145.2,1055.57,792.78,1058.89,1471.25,1790.38,1922.15,1753.8,서울특별시,금천구,시흥2동
11545690,49.49,332.88,584.78,886.81,880.44,1239.03,1298.9,967.05,66.44,336.2,585.27,689.36,726.33,1103.29,1227.05,1042.4,서울특별시,금천구,시흥3동
11545700,100.86,597.62,917.22,1214.6,1165.72,1588.33,1867.59,1542.75,125.32,581.52,901.82,1075.8,1133.44,1890.09,2065.09,1936.89,서울특별시,금천구,시흥4동
11545710,38.31,377.29,769.75,932.97,943.12,1335.33,1444.54,1070.65,55.91,400.42,635.09,737.59,892.78,1438.5,1489.89,1388.94,서울특별시,금천구,시흥5동
11560515,38.41,577.44,1386.55,1818.29,1547.39,1675.65,1669.62,1261.21,49.39,486.57,1486.07,1613.57,1282.55,1732.41,1831.17,1492.72,서울특별시,영등포구,영등포본동
11560535,74.84,654.01,4658.79,7070.93,4208.63,4063.13,3535.29,2170.19,117.98,745.49,6329.96,6233.13,3651.72,3621.71,2696.92,2032.13,서울특별시,영등포구,영등포동
11560540,210.11,2067.52,7177.26,14216.05,13233.23,11141.69,5058.88,3278.89,248.63,2204.95,9881.75,12050.72,9273.29,6669.79,4672.07,4169.86,서울특별시,영등포구,여의동
11560550,45.37,549.92,1925.62,3318.06,2235.21,2326.31,1930.01,1457.37,72.78,442.29,2512.15,3171.23,2119.04,2288.55,1993.51,1795.35,서울특별시,영등포구,당산1동
11560560,134.36,1143.4,3007.81,4760.93,3346.93,2940.99,2438.17,1838.44,203.92,1220.55,4472.74,5327.15,3235.2,3015.42,2462.94,2298.38,서울특별시,영등포구,당산2동
11560585,88.46,439.57,1246.97,1851.0,1329.25,1694.92,1647.06,1355.79,83.71,435.07,1253.96,1710.33,1261.99,1540.78,1559.46,1679.78,서울특별시,영등포구,도림동
11560605,209.65,1365.6,2502.99,4139.93,3983.3,3496.12,2639.58,2096.84,273.16,1295.31,3174.17,4348.4,3956.33,3317.18,2534.11,2524.7,서울특별시,영등포구,문래동
11560610,80.67,524.25,1394.76,2553.48,1956.6,1717.71,1203.74,928.58,107.2,474.43,1888.17,2593.35,1751.53,1549.17,1264.01,1269.37,서울특별시,영등포구,양평1동
11560620,71.04,754.97,1793.15,3316.72,2419.16,2293.27,1658.34,1026.13,98.36,630.29,2314.21,3272.81,2109.72,2012.83,1561.15,1208.68,서울특별시,영등포구,양평2동
11560630,105.11,478.81,1610.1,1993.52,1381.94,1649.18,1534.79,1296.59,111.43,453.24,1648.64,1629.02,1175.57,1540.35,1589.79,1798.65,서울특별시,영등포구,신길1동
11560650,48.63,387.34,757.86,1096.08,797.49,892.68,995.3,827.42,98.13,432.59,839.4,1080.11,749.54,1036.35,1161.84,1056.59,서울특별시,영등포구,신길3동
11560660,61.89,395.53,633.45,865.28,849.07,904.39,938.84,777.72,97.83,370.67,616.75,855.82,829.21,976.59,1084.1,1009.11,서울특별시,영등포구,신길4동
11560670,40.98,349.96,358.47,531.71,625.59,654.59,573.68,493.94,94.73,309.35,360.52,592.09,616.78,718.61,752.79,596.47,서울특별시,영등포구,신길5동
11560680,123.03,636.17,1277.55,1631.85,1171.91,1328.86,1359.67,1158.45,95.65,539.52,1467.34,1662.81,1200.83,1568.66,1595.32,1568.55,서울특별시,영등포구,신길6동
11560690,115.81,704.96,1035.83,1408.63,1390.34,1176.71,1222.73,901.68,129.05,738.18,1044.09,1636.19,1398.66,1718.45,1382.65,1197.08,서울특별시,영등포구,신길7동
11560700,50.39,334.0,888.13,1015.67,914.99,1199.55,1215.16,1065.41,36.49,312.63,945.09,948.21,874.76,1369.34,1393.54,1424.59,서울특별시,영등포구,대림1동
11560710,42.83,203.61,855.86,1071.28,826.95,1080.69,818.21,780.34,47.38,199.52,944.54,962.94,774.0,1188.81,982.48,1082.81,서울특별시,영등포구,대림2동
11560720,54.16,449.1,1204.71,1623.27,1405.62,1982.04,2182.55,1699.91,96.95,461.66,1130.18,1367.67,1252.49,2083.65,2166.49,1884.8,서울특별시,영등포구,대림3동
11590510,77.41,1000.54,4360.74,4044.57,2581.03,2627.43,2035.64,1895.03,123.46,1004.22,3894.68,3077.68,2193.88,2609.48,2497.63,2609.65,서울특별시,동작구,노량진1동
11590520,15.33,254.35,1168.29,1317.55,830.02,1037.27,927.51,742.49,38.13,200.67,1141.54,949.9,552.63,779.41,869.86,863.63,서울특별시,동작구,노량진2동
11590530,153.89,1590.7,5571.25,2703.44,2368.6,2864.97,2487.76,2407.36,243.64,1497.7,4843.53,2547.74,2639.53,3354.14,3024.58,3279.59,서울특별시,동작구,상도1동
11590540,137.12,921.03,1901.16,2017.44,2092.14,2079.48,1681.2,1573.69,172.75,860.44,2088.73,2250.02,2260.13,2378.16,2137.47,1974.16,서울특별시,동작구,상도2동
11590550,71.48,660.17,1439.05,1705.67,1325.34,1563.4,1484.38,1441.75,80.29,566.12,1675.22,1570.06,1356.22,1804.14,1868.52,2065.19,서울특별시,동작구,상도3동
11590560,120.2,738.06,1777.88,2272.38,1979.3,1927.11,1915.04,1619.62,147.28,706.6,1924.13,2226.97,1907.23,2374.39,2392.96,2301.94,서울특별시,동작구,상도4동
11590605,172.62,1369.08,3550.86,2211.96,2362.92,2678.79,2223.15,1899.58,204.77,1365.38,3382.28,2527.97,2603.06,3038.29,2579.71,2781.15,서울특별시,동작구,흑석동
11590620,65.62,488.3,2387.57,2903.49,1778.16,1765.64,1685.47,1570.86,62.5,508.26,2925.06,2546.84,1628.62,1854.7,2043.77,1996.62,서울특별시,동작구,사당1동
11590630,159.48,1230.94,2076.39,2526.66,2377.49,2654.25,2493.52,2426.78,162.48,977.46,2071.03,2635.93,2527.56,2969.12,2957.72,3240.72,서울특별시,동작구,사당2동
11590640,86.27,522.84,1071.35,1452.21,1391.59,1406.7,1509.31,1438.92,96.23,513.94,1277.14,1533.77,1428.65,1603.23,1730.65,1859.04,서울특별시,동작구,사당3동
11590650,37.86,343.62,964.81,1195.08,919.27,1000.46,963.5,969.32,34.57,327.11,1063.24,1096.98,888.63,1096.2,1182.18,1314.25,서울특별시,동작구,사당4동
11590651,112.1,586.54,840.09,1248.31,1120.77,1100.89,1015.61,938.48,75.81,555.83,951.31,1334.66,1121.59,1244.67,1268.35,1359.77,서울특별시,동작구,사당5동
11590660,116.45,2007.41,2926.11,2727.63,2644.5,3047.73,2224.15,1997.63,202.8,2007.68,3321.3,2666.62,2920.68,3340.14,2588.04,2917.63,서울특별시,동작구,대방동
11590670,138.04,803.55,1436.78,1562.02,1522.21,1762.09,1483.71,1341.5,130.04,1070.79,1741.45,1600.67,1701.58,1998.0,1821.26,1781.06,서울특별시,동작구,신대방1동
11590680,85.74,677.42,1705.74,2459.66,2200.18,1995.1,1593.3,1539.03,135.09,605.74,2191.46,2513.26,2139.72,2247.47,1846.09,1914.53,서울특별시,동작구,신대방2동
11620525,69.18,459.65,1680.41,2052.7,1492.62,1534.67,1477.44,1280.99,62.28,519.77,1786.87,1656.81,1386.59,1588.25,1733.14,1871.37,서울특별시,관악구,보라매동
11620545,43.5,238.61,332.46,747.37,702.41,671.48,646.28,614.07,47.26,260.28,355.75,810.41,668.81,767.65,797.39,946.17,서울특별시,관악구,청림동
11620565,131.56,1030.79,1278.84,1483.27,1783.9,2035.49,1617.75,1565.98,158.18,1114.2,1262.95,1530.89,1903.31,2237.49,2088.54,2365.92,서울특별시,관악구,성현동
11620575,102.29,640.15,2870.87,3176.25,1712.61,1748.3,1603.83,1603.9,106.65,663.17,3611.64,2796.89,1664.68,1835.55,1827.76,2144.29,서울특별시,관악구,행운동
11620585,69.01,802.29,3648.91,2905.47,1467.6,1437.1,1125.15,929.46,73.42,741.67,3727.25,2285.13,1242.2,1298.97,1058.0,1221.08,서울특별시,관악구,낙성대동
11620595,100.85,909.92,5222.3,4310.67,2284.95,2400.06,2016.35,1971.32,104.03,1153.69,6114.9,3662.36,2044.35,2478.94,2281.46,2456.13,서울특별시,관악구,청룡동
11620605,106.91,997.12,2164.77,2742.52,2282.13,2508.07,2141.99,1955.46,151.28,955.89,2484.96,2496.32,2288.57,2617.07,2506.38,2547.25,서울특별시,관악구,은천동
11620615,31.16,213.77,1637.8,1636.32,867.47,905.12,823.88,836.34,17.44,276.94,2163.06,1483.36,798.23,903.15,913.65,989.76,서울특별시,관악구,중앙동
11620625,90.75,612.43,2320.51,2345.73,1489.7,1509.29,1437.01,1397.34,72.14,675.54,2605.22,2056.08,1394.23,1811.81,1616.28,1859.48,서울특별시,관악구,인헌동
11620630,72.73,505.06,2320.9,2554.32,1535.67,1551.4,1498.82,1449.66,74.43,492.57,2356.9,2100.29,1292.89,1662.48,1774.93,1658.95,서울특별시,관악구,남현동
11620645,24.87,369.0,3495.07,3642.44,1808.05,1565.42,1317.3,1317.74,46.17,417.74,3327.64,2344.04,1299.79,1518.11,1588.75,1644.47,서울특별시,관악구,서원동
11620655,34.04,324.85,1828.2,2046.74,1148.87,1217.98,1100.19,965.25,50.22,335.32,1753.94,1359.58,947.47,1170.77,1114.45,1361.94,서울특별시,관악구,신원동
11620665,72.53,432.59,2431.29,2512.89,1600.43,1533.29,1312.62,1212.37,63.64,323.21,1893.1,1478.05,1029.06,1210.81,1305.96,1451.08,서울특별시,관악구,서림동
11620685,39.97,321.5,2174.97,2289.84,1240.75,1170.15,1123.76,1021.11,47.41,306.87,2590.3,1699.11,957.18,1247.87,1374.48,1408.8,서울특별시,관악구,신사동
11620695,16.24,256.18,4312.28,4405.13,1935.24,1571.71,1179.23,920.63,29.7,309.3,4410.63,2786.07,1302.07,1153.78,1105.49,1139.79,서울특별시,관악구,신림동
11620715,74.83,568.06,527.44,730.86,1044.76,1270.81,1071.51,855.22,106.93,529.99,605.75,732.74,1172.26,1333.76,1203.9,1151.58,서울특별시,관악구,난향동
11620725,55.31,355.75,2350.87,3195.35,2083.33,2203.27,1756.15,1338.15,71.46,415.13,2695.0,2647.41,1487.91,1703.11,1753.66,1523.57,서울특별시,관악구,조원동
11620735,54.01,926.1,6226.14,4370.32,2676.7,2761.21,1836.9,1353.8,41.6,727.62,4059.37,2219.75,1563.37,1533.05,1451.14,1542.82,서울특별시,관악구,대학동
11620745,74.95,617.09,1290.96,1587.14,1601.69,2199.69,2212.48,2334.06,98.2,740.89,1185.37,1228.61,1379.77,2032.34,2470.52,3074.0,서울특별시,관악구,삼성동
11620765,108.11,1082.42,1782.28,2048.2,1901.89,2203.96,2197.6,2047.23,167.52,1059.41,1866.95,1859.52,1841.28,2389.58,2562.88,2668.71,서울특별시,관악구,미성동
11620775,67.03,756.51,1337.38,1917.88,1691.05,1617.92,1750.14,1621.24,91.55,557.65,1438.15,1641.3,1305.69,1763.9,1965.35,2080.58,서울특별시,관악구,난곡동
11650510,103.09,990.46,2018.52,2753.09,2795.72,2848.9,1841.63,1597.17,153.77,1017.16,2445.04,2853.76,2617.21,2394.15,1860.8,1742.14,서울특별시,서초구,서초1동
11650520,112.72,1335.96,2731.08,5003.53,4669.86,3615.14,1909.23,1493.27,192.93,1319.85,4233.39,5221.53,4080.8,2827.4,1886.57,1664.23,서울특별시,서초구,서초2동
11650530,101.38,2495.83,4602.61,6924.34,6656.41,6907.48,4195.35,2988.89,174.45,1890.48,6376.26,7017.79,5601.48,5261.3,3743.96,3059.22,서울특별시,서초구,서초3동
11650531,164.61,1853.55,3049.96,3201.58,3667.02,3445.68,2058.47,1822.52,209.83,1856.64,4496.05,3858.93,3969.49,3397.95,2159.27,2060.2,서울특별시,서초구,서초4동
11650540,150.02,1844.4,2116.85,2712.56,3401.1,3507.37,2128.54,1551.56,221.81,1955.84,2586.52,3079.49,3730.49,3550.56,2453.37,2058.74,서울특별시,서초구,잠원동
11650550,15.2,175.02,199.94,295.34,339.82,484.38,309.39,150.63,16.45,126.43,150.7,169.57,212.52,240.27,200.43,180.87,서울특별시,서초구,반포본동
11650560,184.07,1685.74,1975.18,2796.22,3621.32,2913.79,1720.76,1444.65,305.29,1622.33,2472.49,3051.96,4107.72,2662.75,2022.67,1833.7,서울특별시,서초구,반포1동
11650570,210.03,2141.71,1196.58,1382.34,2334.97,2410.04,1415.4,1387.2,260.89,2151.23,1395.44,1706.44,3037.01,2515.06,1769.34,1845.05,서울특별시,서초구,반포2동
11650580,136.34,1304.26,1146.16,1118.32,1581.8,1918.3,1228.05,1037.59,142.67,1280.74,1283.87,1373.95,2110.44,2275.83,1535.94,1501.28,서울특별시,서초구,반포3동
11650581,236.96,1771.57,2472.65,2866.7,3121.69,3087.26,2288.51,1873.83,348.85,1901.7,3502.02,3907.99,4215.27,4270.03,3394.64,2430.84,서울특별시,서초구,반포4동
11650590,91.2,1045.78,1024.9,1175.3,1599.0,1753.95,1231.1,1130.51,179.41,1246.18,1202.29,1361.86,1975.61,1966.28,1465.94,1477.75,서울특별시,서초구,방배본동
11650600,44.84,827.79,1292.61,1592.06,1606.9,1529.65,1177.75,1205.02,102.21,848.11,1487.92,1772.77,1762.35,1648.84,1424.23,1512.8,서울특별시,서초구,방배1동
11650610,25.03,430.79,1408.4,1747.82,1556.03,1539.93,1438.69,1181.26,80.34,613.22,1572.01,1712.94,1340.16,1698.45,1758.73,1552.28,서울특별시,서초구,방배2동
11650620,55.11,769.12,911.13,1057.07,1331.24,1482.51,1327.61,1233.76,72.78,971.11,1096.98,1180.36,1536.68,1601.36,1492.97,1424.7,서울특별시,서초구,방배3동
11650621,77.54,990.67,1456.98,1964.11,2131.37,2340.76,1649.96,1513.86,183.08,1318.88,1749.63,2234.52,2608.58,2513.77,1878.04,1981.84,서울특별시,서초구,방배4동
11650651,197.92,2021.04,3352.46,5532.46,5500.19,5088.92,3648.34,3026.58,237.51,1934.53,3877.76,5140.61,4859.85,4536.19,4130.13,3934.54,서울특별시,서초구,양재1동
11650652,110.81,950.07,2629.98,4971.93,4443.08,4206.19,2797.18,1785.85,96.01,913.69,2868.05,3842.22,3134.09,3223.43,2715.63,2032.23,서울특별시,서초구,양재2동
11650660,80.43,836.38,1492.68,1980.6,2396.16,2238.8,1696.17,1512.88,114.04,763.93,1136.21,1823.28,2047.64,1768.58,1779.32,1656.62,서울특별시,서초구,내곡동
11680510,62.31,1028.92,2193.02,2826.27,2669.69,2405.47,1515.12,1442.4,124.74,1219.1,3495.77,3393.7,2746.37,2411.87,1657.3,1834.57,서울특별시,강남구,신사동
11680521,30.9,468.61,3295.5,5617.68,4209.48,3149.05,1801.49,1316.71,72.65,608.91,5127.68,5687.91,3463.67,2485.6,1797.32,1640.65,서울특별시,강남구,논현1동
11680531,46.51,727.69,2952.35,5255.72,4717.98,3524.61,1935.37,1460.48,93.09,617.68,4721.21,5637.03,3617.19,2684.41,1813.1,1835.92,서울특별시,강남구,논현2동
11680545,118.37,1377.35,2681.65,3632.59,3614.72,3069.27,2090.13,1869.07,182.07,1645.65,4296.84,4547.42,3995.5,3478.1,2640.97,2822.0,서울특별시,강남구,압구정동
11680565,131.37,1347.42,2520.88,3663.46,3655.74,3083.27,2233.25,1584.8,178.75,1042.53,3955.77,4569.71,3768.57,3078.22,2452.41,1970.2,서울특별시,강남구,청담동
11680580,66.16,855.03,3201.02,5689.63,5012.03,4093.63,2137.31,1240.26,104.55,959.38,4796.3,5706.46,3964.09,3010.43,1982.9,1414.79,서울특별시,강남구,삼성1동
11680590,111.68,1667.02,2461.97,3779.13,3964.43,3614.13,1959.69,1747.71,154.23,1164.35,3233.48,4157.52,4301.29,3360.25,2012.91,2112.09,서울특별시,강남구,삼성2동
11680600,241.52,4566.76,1376.35,938.96,2422.87,2438.13,1269.9,1196.48,375.47,3750.66,1464.73,1338.79,3750.46,2578.47,1632.72,1446.6,서울특별시,강남구,대치1동
11680610,253.63,4754.62,2844.3,4059.56,5201.49,4479.16,2607.98,2110.75,318.25,3089.94,3255.31,3696.79,5341.94,3809.18,2856.38,2289.17,서울특별시,강남구,대치2동
11680630,136.95,3592.22,2860.8,3924.09,3638.93,3481.38,1653.21,1137.52,137.15,3580.08,3289.59,3475.56,3716.96,3198.17,1744.94,1440.2,서울특별시,강남구,대치4동
11680640,70.43,1561.19,10087.64,16202.77,12115.88,8420.77,4355.17,2464.49,101.17,1861.32,14545.13,14612.23,7983.16,5208.28,3674.75,2683.46,서울특별시,강남구,역삼1동
11680650,162.75,2450.32,2893.41,4078.79,5108.47,4478.17,2089.59,1689.9,311.96,2868.05,4002.95,4205.24,5704.18,3941.94,2056.21,2171.2,서울특별시,강남구,역삼2동
11680655,139.82,1255.5,1775.45,2664.81,2957.78,2726.6,1821.26,1472.83,281.85,1626.51,2315.33,2753.78,2903.04,2472.69,2054.61,1727.3,서울특별시,강남구,도곡1동
11680656,193.81,1504.34,1245.41,1577.69,2880.65,2901.03,1620.28,1443.13,286.06,2029.57,1507.85,2254.6,3758.98,2999.36,2340.48,2023.6,서울특별시,강남구,도곡2동
11680660,266.57,1753.15,1146.7,1357.01,2110.18,2040.65,1720.59,1538.05,400.78,1868.96,1189.03,1796.53,2814.99,2243.34,2131.02,1796.1,서울특별시,강남구,개포1동
11680670,239.17,2278.4,1723.78,2464.16,3047.68,2924.12,2331.94,1981.87,314.73,2409.38,1654.61,3050.89,4044.56,3490.58,2894.81,2300.11,서울특별시,강남구,개포2동
11680675,98.2,1161.92,764.81,1389.46,1495.29,1433.95,1061.09,1059.18,100.95,704.02,778.95,1432.01,1706.15,1397.98,1366.97,1147.05,서울특별시,강남구,개포3동
11680690,137.43,913.3,1343.74,1819.71,1940.94,2078.54,1687.15,1311.32,134.09,1230.53,1390.45,1956.23,2120.42,2250.9,1983.25,1557.13,서울특별시,강남구,개포4동
11680700,352.48,2491.56,2351.83,3528.24,3790.45,3337.67,2918.02,2688.16,440.67,2585.6,3003.24,4267.46,4404.59,3699.03,3486.81,3610.48,서울특별시,강남구,세곡동
11680720,170.17,1887.99,1246.88,1533.23,2152.85,2110.56,1871.92,1565.53,205.3,1192.9,1607.98,1894.75,2814.98,2563.23,2417.91,1809.13,서울특별시,강남구,일원본동
11680730,92.67,589.21,992.55,1286.31,1253.95,1300.0,1432.72,1314.26,73.98,442.22,1023.29,1209.56,1224.09,1344.2,1687.97,1372.1,서울특별시,강남구,일원1동
11680750,42.23,433.05,1075.46,1958.67,1946.28,1889.45,2149.84,2025.42,43.27,476.27,1372.52,2010.48,1544.61,1756.86,2452.17,2890.79,서울특별시,강남구,수서동
11710510,40.33,323.19,552.43,728.04,705.58,907.9,1016.62,885.38,44.99,287.48,504.74,709.33,679.02,937.67,1190.1,1161.09,서울특별시,송파구,풍납1동
11710520,157.2,979.2,1561.84,2397.35,2434.43,2657.01,2418.91,2034.6,179.93,986.86,2462.1,3013.62,3126.27,3142.86,2788.56,2341.47,서울특별시,송파구,풍납2동
11710531,67.03,417.54,682.9,748.52,725.89,995.2,996.35,826.04,80.84,373.63,628.91,668.56,667.02,1076.45,1061.99,1051.7,서울특별시,송파구,거여1동
11710532,134.25,708.68,1079.05,1729.66,1769.64,1569.81,1793.0,1392.17,179.83,709.47,1053.09,1879.2,1606.88,1987.03,2182.94,1911.55,서울특별시,송파구,거여2동
11710540,54.83,520.35,657.76,848.25,861.01,1286.2,975.26,957.52,102.19,401.95,603.2,675.98,732.12,1256.53,1454.17,1209.98,서울특별시,송파구,마천1동
11710550,77.14,509.39,954.32,1149.26,1156.82,1592.41,1938.65,1575.62,80.26,422.23,728.88,848.85,978.77,1703.27,2044.01,1895.73,서울특별시,송파구,마천2동
11710561,115.76,1260.26,1091.92,1298.44,1316.87,1334.6,1250.56,945.18,168.51,1302.0,1125.06,1340.52,1549.75,1605.05,1445.02,1132.65,서울특별시,송파구,방이1동
11710562,67.95,848.96,3201.11,4200.17,2783.65,2356.33,1953.95,1499.59,120.04,747.33,4047.9,4312.59,2468.34,2327.97,2102.36,1734.83,서울특별시,송파구,방이2동
11710566,98.42,1086.99,1299.43,1242.87,1346.4,1284.22,1452.4,1194.43,109.6,1041.17,1674.18,1601.11,1761.78,1653.59,1687.58,1397.05,서울특별시,송파구,오륜동
11710570,216.65,2044.47,2152.08,2582.21,2661.25,3146.1,3102.26,2460.17,242.06,1629.28,2022.46,2610.32,2842.29,3668.66,3636.73,3005.55,서울특별시,송파구,오금동
11710580,48.42,663.65,2123.79,3222.2,1903.34,1740.34,1709.23,1445.0,97.29,970.81,2899.45,3285.61,2080.5,2204.61,2077.72,1745.52,서울특별시,송파구,송파1동
11710590,123.61,883.89,972.44,1318.04,1415.22,1337.96,1350.53,1112.88,141.03,1152.62,1119.43,1492.39,1638.99,1637.69,1671.32,1152.79,서울특별시,송파구,송파2동
11710600,97.02,811.82,2212.69,3601.02,2572.52,2399.96,2175.27,1764.91,165.69,892.61,2770.4,3596.6,2583.02,2601.23,2594.96,1961.13,서울특별시,송파구,석촌동
11710610,81.36,1070.47,1806.94,2970.34,2175.66,2045.25,1698.06,1391.31,110.4,757.71,2239.97,3148.95,2314.68,2174.74,2105.89,1860.04,서울특별시,송파구,삼전동
11710620,141.57,927.59,2326.58,3681.48,3196.43,3194.43,2891.21,1865.7,181.73,915.29,2408.14,3288.57,2731.76,3160.94,3002.2,2019.52,서울특별시,송파구,가락본동
11710631,203.77,1148.85,1295.32,2345.35,2821.5,2321.88,2290.99,1663.18,294.59,1332.95,1404.17,2680.83,2915.78,2379.45,2541.71,1836.86,서울특별시,송파구,가락1동
11710632,128.69,1166.64,1713.54,2232.71,2010.65,2058.47,2156.01,1696.69,159.04,1099.63,1710.96,2305.52,2017.16,2576.66,2671.11,1928.38,서울특별시,송파구,가락2동
11710641,144.59,842.03,1500.46,1944.65,1556.68,1592.37,1651.18,1229.46,125.29,823.41,1528.18,1831.53,1467.1,1825.63,1856.58,1393.03,서울특별시,송파구,문정1동
11710642,92.18,606.36,3180.52,6287.12,5263.15,4215.32,2711.8,1634.62,105.24,690.22,4053.49,5753.86,3951.02,3295.46,2613.69,1904.6,서울특별시,송파구,문정2동
11710646,116.88,1303.77,1790.93,2596.26,2341.22,2327.55,2183.27,1689.75,222.42,1294.08,1776.47,2784.83,2460.83,2731.51,2685.9,2136.57,서울특별시,송파구,장지동
11710647,585.27,2885.66,2083.22,2937.85,4234.85,3163.72,2264.58,1341.79,690.28,3216.64,2149.47,3791.79,5009.17,3475.35,2597.14,1873.28,서울특별시,송파구,위례동
11710650,131.23,910.11,2513.06,3619.37,2469.55,2271.41,1959.97,1481.14,152.07,900.41,3020.37,3371.67,2411.12,2380.86,2159.63,1812.38,서울특별시,송파구,잠실본동
11710670,336.07,2784.56,1890.72,1620.42,3389.86,2910.97,1486.53,1302.33,460.24,2670.27,2437.56,2321.29,4477.63,3002.52,1835.95,1708.87,서울특별시,송파구,잠실2동
11710680,232.97,2510.82,2551.23,2899.89,3838.71,3414.84,2766.23,2520.83,408.69,3281.81,3255.18,3773.49,4814.06,4236.16,3847.6,3158.15,서울특별시,송파구,잠실3동
11710690,163.1,1200.65,978.57,1188.88,1978.39,1714.07,1332.22,1203.64,240.21,1106.51,1093.1,1549.35,2447.63,1879.29,1669.51,1524.1,서울특별시,송파구,잠실4동
11710710,140.02,1178.47,2925.11,4121.26,4099.86,3087.99,1822.51,1296.61,159.18,1379.23,4205.2,4446.55,3631.19,2822.99,2354.17,1616.07,서울특별시,송파구,잠실6동
11710720,44.16,370.92,693.81,748.5,848.06,937.91,808.72,942.96,60.31,787.36,828.85,857.49,964.91,1073.69,983.47,1176.9,서울특별시,송파구,잠실7동
11740515,393.54,2115.45,1836.3,2182.48,2898.95,2790.87,2542.92,2240.94,506.69,2037.26,1707.1,2578.77,3217.88,2993.76,3207.48,2865.61,서울특별시,강동구,강일동
11740525,456.02,2952.87,1792.96,2521.28,3877.75,3018.89,2767.97,2064.4,577.14,3012.61,1983.51,3052.93,4595.75,3268.43,3401.75,2290.98,서울특별시,강동구,상일1동
11740526,185.98,944.08,895.37,1440.12,1938.04,1438.19,858.06,825.04,214.23,940.58,1078.79,1334.25,1545.56,1260.01,1022.69,1093.27,서울특별시,강동구,상일2동
11740530,194.19,1432.66,1322.24,1692.41,2063.34,1991.64,1956.85,1667.68,233.96,1295.99,1331.53,1942.22,2362.0,2393.5,2574.96,2114.75,서울특별시,강동구,명일1동
11740540,113.67,1746.84,881.31,831.17,1157.94,1169.43,1066.39,1018.25,158.32,1324.14,873.36,874.95,1550.6,1378.11,1297.44,1037.88,서울특별시,강동구,명일2동
11740550,351.11,2513.18,885.46,1051.68,2246.58,1742.37,1454.81,1093.64,306.34,1724.86,841.66,1228.01,2770.62,1710.5,1692.73,1167.08,서울특별시,강동구,고덕1동
11740560,240.55,1481.43,1246.25,2085.45,2655.33,2056.79,1764.14,1274.49,334.89,1376.68,1290.0,2251.6,2725.91,1989.7,1852.19,1455.88,서울특별시,강동구,고덕2동
11740570,145.36,1020.34,1896.15,2408.13,2428.88,2600.39,2538.67,2073.56,192.99,905.11,1757.14,2181.93,2332.99,2811.58,2832.05,2802.07,서울특별시,강동구,암사1동
11740580,76.89,501.34,797.55,1265.91,1221.98,1280.45,1197.09,1026.56,83.97,438.23,919.73,1368.81,1177.93,1351.04,1361.34,1316.23,서울특별시,강동구,암사2동
11740590,174.24,972.98,759.47,1133.61,1351.15,1174.82,1131.64,887.58,177.83,929.28,814.93,1298.33,1569.94,1411.03,1301.06,1199.14,서울특별시,강동구,암사3동
11740600,117.26,793.95,1449.25,1911.44,1762.77,2015.47,2138.37,1869.1,109.85,832.45,1429.19,1765.89,1674.39,2139.87,2519.61,2470.21,서울특별시,강동구,천호1동
11740610,122.55,983.25,2452.7,3755.33,3063.14,3255.91,3387.34,2744.19,141.87,933.2,2911.6,3628.58,3139.39,3704.4,3815.29,3407.4,서울특별시,강동구,천호2동
11740620,110.65,654.63,2096.03,3016.34,2219.24,2348.55,2333.77,1790.86,135.65,647.71,2761.62,2920.87,2016.36,2272.45,2513.08,2254.94,서울특별시,강동구,천호3동
11740640,131.58,784.41,1161.21,1751.01,1729.3,1765.6,1528.01,1295.11,178.14,836.16,1344.39,1818.97,1888.48,1894.61,1798.94,1574.62,서울특별시,강동구,성내1동
11740650,81.6,561.65,1666.28,2501.64,1811.57,1900.38,1993.37,1698.43,106.04,596.05,2234.45,2402.78,1709.72,1941.11,2199.29,2184.28,서울특별시,강동구,성내2동
11740660,151.73,1269.66,1952.41,2381.65,2276.81,2456.51,2301.55,1778.87,165.02,963.38,1985.93,2260.51,2346.56,2617.43,2684.82,2313.38,서울특별시,강동구,성내3동
11740685,270.81,1639.65,3338.27,4796.0,4260.09,4457.42,4554.53,3667.62,255.94,1572.96,3936.53,4624.02,4122.12,4919.72,5346.87,4371.12,서울특별시,강동구,길동
11740690,299.1,1784.9,1101.01,2100.89,2407.56,1706.7,1782.92,1234.82,300.13,1253.2,1173.02,2469.96,2712.77,2067.95,2222.32,1307.26,서울특별시,강동구,둔촌1동
11740700,161.09,1214.93,1543.04,2211.4,2067.83,2119.15,2208.71,2327.7,131.07,987.48,1727.77,2214.68,2158.9,2476.6,2584.11,2301.15,서울특별시,강동구,둔촌2동
